FRAUD LABELS,
tx_id,is_fraud
TX004351,1
TX003518,0
TX005229,0
TX004102,0
TX000395,0
TX007180,0
TX000125,0
TX002544,0
TX002925,0
TX004498,0
TX007175,0
TX002564,0
TX002991,0
TX002756,0
TX007983,0
TX005010,0
TX000369,0
TX007216,1
TX005968,0
TX002517,0
TX000685,0
TX003407,0
TX001027,1
TX005501,0
TX001962,0
TX000291,0
TX007419,0
TX005103,0
TX005880,0
TX005625,0
TX007750,0
TX003314,0
TX003845,0
TX003802,0
TX005716,0
TX007303,0
TX001808,0
TX002222,1
TX001392,0
TX004072,0
TX000428,0
TX004938,0
TX006635,0
TX006736,0
TX000482,0
TX007858,0
TX001134,0
TX005028,0
TX005603,0
TX002749,0
TX000020,0
TX002121,0
TX004034,0
TX004364,0
TX003740,0
TX007656,0
TX001169,0
TX001175,0
TX000270,0
TX006780,0
TX006939,1
TX002736,0
TX007392,1
TX005246,0
TX004356,0
TX004731,0
TX007239,0
TX003212,0
TX002588,0
TX007558,0
TX003713,0
TX003208,0
TX004452,0
TX004360,0
TX002113,0
TX001837,0
TX002569,0
TX000883,0
TX002154,0
TX002427,0
TX000298,0
TX007591,0
TX004153,0
TX006915,0
TX000599,0
TX006530,0
TX002331,0
TX007356,0
TX007713,0
TX005021,0
TX004643,0
TX001875,0
TX000101,0
TX004209,0
TX002123,0
TX005396,0
TX002826,0
TX005425,0
TX007952,0
TX005729,0
TX007910,0
TX006022,0
TX003656,0
TX004707,0
TX006753,0
TX000957,0
TX006095,0
TX003330,0
TX000638,0
TX005356,0
TX001035,0
TX004839,0
TX005124,0
TX002051,0
TX005601,0
TX001979,0
TX005277,0
TX007213,0
TX006755,0
TX001430,0
TX001409,0
TX002638,0
TX003767,0
TX002127,0
TX007727,0
TX006842,0
TX004721,0
TX006305,0
TX003967,0
TX003868,0
TX004502,0
TX001186,0
TX001739,0
TX007105,0
TX004737,0
TX000519,1
TX004392,0
TX000127,0
TX006251,0
TX003374,0
TX007244,1
TX007892,1
TX004261,0
TX006355,0
TX003205,0
TX003142,0
TX000529,0
TX006808,0
TX001194,0
TX007451,0
TX006404,0
TX001014,0
TX004751,0
TX007448,0
TX004602,0
TX002837,0
TX006768,0
TX002933,0
TX003954,0
TX005910,0
TX001963,0
TX004711,0
TX004300,0
TX001658,0
TX007601,0
TX007116,0
TX000343,0
TX007844,0
TX005432,1
TX005011,0
TX004688,0
TX005741,0
TX000416,0
TX002343,0
TX000325,0
TX005085,0
TX000002,0
TX000967,0
TX003625,0
TX007307,0
TX000544,0
TX003044,0
TX001034,0
TX006621,0
TX001126,0
TX002231,0
TX001557,0
TX004311,0
TX000013,0
TX001722,0
TX001374,0
TX005967,0
TX006236,0
TX000502,0
TX000505,0
TX007133,0
TX004143,0
TX006454,0
TX006967,0
TX006231,0
TX001380,0
TX002910,0
TX001609,0
TX004325,0
TX000590,0
TX006053,0
TX003462,0
TX003171,0
TX000494,0
TX005033,0
TX002376,0
TX002688,0
TX004768,0
TX002851,0
TX002202,0
TX007440,0
TX006913,0
TX000010,0
TX007433,0
TX005177,1
TX003184,0
TX001140,0
TX002438,0
TX007228,0
TX003020,0
TX002818,0
TX005061,0
TX003870,0
TX001736,0
TX006200,0
TX005072,0
TX001940,0
TX006848,0
TX007623,0
TX000068,0
TX004837,0
TX003637,0
TX002968,0
TX005754,0
TX000996,0
TX006207,0
TX002173,0
TX007337,0
TX004426,0
TX001982,0
TX004095,0
TX005721,0
TX002104,0
TX006436,0
TX007738,0
TX007939,0
TX002858,0
TX005867,0
TX001506,0
TX003257,0
TX005336,0
TX006590,1
TX000852,0
TX004100,0
TX007508,0
TX004954,1
TX005555,0
TX006955,0
TX006345,0
TX000827,0
TX005542,0
TX003366,0
TX003130,0
TX005618,0
TX003327,0
TX004610,0
TX001323,0
TX004080,0
TX007831,0
TX007544,0
TX003135,0
TX007922,0
TX003998,1
TX003959,0
TX005520,0
TX003402,0
TX003424,0
TX002641,0
TX000717,0
TX005718,0
TX000729,0
TX007043,0
TX002808,0
TX006683,0
TX006123,0
TX004548,0
TX005596,0
TX006596,0
TX005402,0
TX005861,0
TX004647,0
TX002454,0
TX004854,0
TX001453,0
TX006875,0
TX004453,0
TX004436,1
TX007417,0
TX005961,0
TX004184,0
TX001185,0
TX001490,0
TX004867,0
TX006067,1
TX002163,0
TX002845,0
TX003907,0
TX005545,0
TX005644,0
TX003955,0
TX005651,0
TX001050,0
TX004011,0
TX004724,0
TX000818,0
TX001451,0
TX003732,0
TX007439,1
TX002706,0
TX006567,0
TX002324,0
TX001438,0
TX004695,0
TX007114,0
TX006704,0
TX006232,0
TX001933,0
TX001696,0
TX001166,0
TX001610,0
TX007190,0
TX006549,0
TX003545,0
TX005560,0
TX000042,0
TX003431,0
TX003470,0
TX000865,0
TX005109,0
TX007476,0
TX003913,0
TX002168,0
TX006857,0
TX006841,0
TX000090,0
TX005848,0
TX006280,0
TX006702,0
TX006979,0
TX001402,0
TX002537,0
TX003570,0
TX003370,1
TX007052,0
TX001985,0
TX006645,0
TX004951,0
TX004960,0
TX000909,1
TX004875,0
TX004664,0
TX004393,0
TX003034,0
TX005564,0
TX000436,0
TX000509,1
TX003502,0
TX004652,0
TX001664,0
TX000198,0
TX003687,0
TX006779,0
TX000652,0
TX005344,0
TX007289,0
TX006455,0
TX001040,0
TX007749,0
TX001803,0
TX001150,0
TX005325,0
TX006179,0
TX007097,0
TX004729,0
TX005253,0
TX006587,0
TX001375,0
TX007482,0
TX000659,0
TX002425,0
TX002194,0
TX005142,0
TX003299,0
TX004197,1
TX003758,0
TX003528,0
TX007326,0
TX004702,0
TX004883,0
TX003492,1
TX002619,0
TX005764,0
TX005904,0
TX001583,0
TX006648,0
TX002897,0
TX003961,0
TX004633,0
TX004412,0
TX005543,0
TX002153,0
TX001241,0
TX001991,0
TX001245,0
TX000225,0
TX007395,0
TX007633,0
TX001925,0
TX006927,0
TX002666,0
TX000132,1
TX007134,1
TX005995,0
TX002886,0
TX000208,0
TX003452,1
TX002103,0
TX006540,0
TX007998,0
TX006071,0
TX002479,0
TX005686,0
TX004465,0
TX002764,0
TX001626,0
TX007826,0
TX006975,0
TX004251,0
TX005464,0
TX002642,0
TX007380,0
TX007149,0
TX007336,0
TX004540,0
TX001056,0
TX002005,0
TX002864,0
TX005341,0
TX006922,0
TX003063,0
TX001909,0
TX001262,0
TX001878,0
TX007009,0
TX001748,0
TX002385,0
TX003905,0
TX005827,0
TX005535,0
TX001447,1
TX000972,0
TX002249,0
TX002524,0
TX005791,0
TX006800,0
TX000095,0
TX006849,0
TX001935,0
TX004308,0
TX003235,0
TX002691,0
TX007658,0
TX004077,0
TX000470,0
TX006329,0
TX002838,0
TX006152,0
TX007492,0
TX001544,0
TX007340,0
TX007272,0
TX007270,0
TX007466,1
TX003741,0
TX006248,0
TX005805,0
TX001065,0
TX007346,0
TX001281,0
TX007784,0
TX002662,1
TX005947,0
TX004845,1
TX006074,0
TX004518,0
TX005982,0
TX005774,1
TX003104,0
TX001092,0
TX001507,0
TX006289,0
TX007788,0
TX003826,0
TX002639,0
TX007369,0
TX004145,0
TX004976,0
TX001420,0
TX002988,0
TX003698,0
TX006180,0
TX007719,0
TX001237,0
TX000853,0
TX001019,0
TX004111,0
TX007642,0
TX004493,0
TX002730,0
TX001938,1
TX000137,0
TX007627,0
TX005217,0
TX006135,0
TX007984,0
TX000376,0
TX007632,0
TX007860,0
TX004549,0
TX005751,0
TX006649,0
TX002575,0
TX000166,0
TX004533,0
TX000161,0
TX003293,0
TX005134,0
TX004285,0
TX007543,0
TX004414,1
TX000704,1
TX004678,1
TX005276,0
TX007905,0
TX001183,0
TX004126,0
TX000253,0
TX003775,0
TX000420,0
TX005480,0
TX001625,0
TX007706,0
TX000257,0
TX001062,0
TX001680,0
TX003005,0
TX007432,0
TX001570,0
TX002306,0
TX005460,0
TX000657,0
TX003010,0
TX002169,0
TX007311,0
TX002790,0
TX002778,0
TX003498,0
TX001497,0
TX000684,0
TX000299,0
TX003867,0
TX000550,0
TX004159,0
TX006041,0
TX003866,1
TX006188,0
TX006703,0
TX007698,0
TX001247,0
TX006617,1
TX002253,1
TX002181,0
TX002694,0
TX003939,0
TX001317,0
TX000461,0
TX007227,0
TX007732,0
TX006064,0
TX002722,0
TX005207,0
TX005321,0
TX001907,0
TX007870,0
TX005315,0
TX004632,1
TX006061,1
TX001478,0
TX003080,0
TX000874,0
TX001393,0
TX004944,0
TX000045,1
TX004538,0
TX007882,0
TX004079,0
TX004305,0
TX001483,0
TX000231,1
TX005808,0
TX000716,0
TX005515,0
TX001063,0
TX005761,0
TX006629,0
TX007489,0
TX006712,0
TX007305,0
TX001904,0
TX000518,0
TX003047,0
TX007008,1
TX002215,0
TX006463,0
TX007536,0
TX002649,0
TX005349,0
TX004662,0
TX002437,0
TX004314,0
TX006719,1
TX007164,0
TX006357,0
TX007520,0
TX002606,0
TX005369,0
TX005282,0
TX002239,1
TX002405,0
TX006918,0
TX000407,0
TX005527,0
TX002774,0
TX001149,0
TX002319,0
TX006145,0
TX004666,0
TX006897,0
TX007335,0
TX000601,1
TX001418,0
TX000135,0
TX002211,0
TX003066,1
TX003971,0
TX005942,0
TX002667,0
TX001563,0
TX005700,0
TX003780,0
TX000584,0
TX002597,0
TX001863,0
TX000008,0
TX005107,0
TX005914,0
TX003757,0
TX005930,0
TX001539,0
TX004774,0
TX003321,0
TX001200,0
TX005317,0
TX005950,0
TX002981,0
TX007972,0
TX006498,0
TX005605,0
TX006656,0
TX005245,0
TX003280,0
TX001820,0
TX004458,0
TX004682,0
TX007127,0
TX007248,0
TX003413,1
TX000930,0
TX004112,1
TX006426,0
TX002921,0
TX006364,0
TX005224,0
TX005512,0
TX005735,0
TX006083,0
TX003519,0
TX000089,0
TX001919,1
TX004073,0
TX003053,0
TX002811,0
TX000738,0
TX000721,0
TX007756,0
TX004460,0
TX007865,0
TX004617,0
TX005433,0
TX003702,0
TX006285,0
TX000288,0
TX002036,0
TX005903,0
TX000027,0
TX006962,0
TX003439,0
TX004156,0
TX002767,0
TX000609,0
TX002233,0
TX002510,0
TX003016,0
TX004972,0
TX000776,0
TX001094,0
TX007620,0
TX002150,0
TX006604,0
TX006707,0
TX001282,0
TX006010,0
TX006287,0
TX003429,0
TX001086,0
TX002490,0
TX003483,0
TX006539,0
TX002161,0
TX002775,0
TX005629,0
TX007351,0
TX006019,0
TX003995,0
TX002133,0
TX006187,0
TX001095,1
TX000028,0
TX007316,0
TX001643,0
TX000177,0
TX004553,0
TX000981,1
TX006239,0
TX003272,0
TX005426,0
TX004021,0
TX007005,0
TX005667,0
TX003827,0
TX003148,0
TX005411,0
TX007542,1
TX000184,0
TX000859,0
TX002069,0
TX006102,1
TX004524,0
TX000992,1
TX006093,0
TX001074,0
TX006885,1
TX007123,0
TX001001,0
TX002538,0
TX006178,0
TX004743,0
TX003422,0
TX004230,0
TX005597,0
TX003833,0
TX006265,0
TX002892,0
TX002598,0
TX007728,0
TX000634,1
TX001806,0
TX001981,0
TX006836,0
TX003122,0
TX000047,0
TX002943,0
TX001319,0
TX003025,0
TX003416,0
TX002999,0
TX006149,1
TX002386,0
TX007793,0
TX000553,0
TX004396,0
TX003226,0
TX002458,0
TX006028,0
TX002578,0
TX003639,0
TX001361,0
TX003515,0
TX007367,0
TX000314,0
TX002701,0
TX005185,0
TX004307,0
TX005479,0
TX001263,0
TX005427,0
TX003746,0
TX002760,0
TX007621,0
TX002344,0
TX003390,0
TX006142,0
TX007699,0
TX006876,0
TX004563,0
TX000567,0
TX006870,0
TX005141,0
TX003777,0
TX003394,0
TX006734,0
TX005571,0
TX004125,0
TX002221,1
TX000431,0
TX004177,0
TX004817,0
TX003550,0
TX002259,0
TX002132,0
TX000277,0
TX001839,0
TX006705,0
TX007769,0
TX003558,0
TX006068,0
TX007323,0
TX002990,0
TX006173,0
TX000334,0
TX000543,0
TX003234,0
TX001115,0
TX000965,0
TX000359,0
TX003989,0
TX007616,0
TX005218,0
TX001047,0
TX004987,0
TX005812,0
TX006216,0
TX000091,0
TX001738,0
TX006118,0
TX006974,0
TX004516,0
TX007639,0
TX001406,0
TX006869,0
TX005768,0
TX007455,0
TX001399,1
TX004709,0
TX005357,1
TX000107,0
TX006754,0
TX006368,0
TX005080,0
TX004701,0
TX001849,0
TX002623,0
TX001974,0
TX006115,0
TX004445,0
TX003468,0
TX003450,0
TX005306,0
TX004889,0
TX002448,0
TX001522,0
TX005779,1
TX006337,0
TX001160,0
TX002285,0
TX006714,1
TX006039,0
TX003393,0
TX003536,0
TX001211,0
TX004907,0
TX002449,0
TX000540,0
TX007122,1
TX007714,0
TX007148,1
TX002360,1
TX000946,0
TX001193,0
TX007434,0
TX000354,0
TX003613,0
TX000276,0
TX006125,0
TX005384,0
TX005657,0
TX002347,0
TX001916,0
TX004144,0
TX006737,0
TX006566,0
TX002054,0
TX006501,1
TX001886,0
TX000780,0
TX005627,1
TX004001,0
TX004930,0
TX005121,0
TX003392,0
TX004033,0
TX002407,0
TX005013,0
TX007032,0
TX005546,0
TX001879,0
TX003945,0
TX004803,0
TX000664,0
TX006507,0
TX003512,0
TX001686,0
TX006072,0
TX005979,0
TX002674,0
TX000624,0
TX005990,0
TX004450,0
TX000236,0
TX002803,0
TX005440,0
TX003088,0
TX007102,0
TX006663,0
TX000622,0
TX006852,0
TX005589,0
TX007776,1
TX007041,0
TX007141,0
TX000155,1
TX000557,0
TX004262,0
TX001553,0
TX000769,0
TX001778,0
TX004420,0
TX006418,0
TX001008,0
TX001102,0
TX006378,0
TX007058,0
TX001534,0
TX005795,0
TX006157,0
TX007195,0
TX003801,0
TX004906,0
TX006117,1
TX006603,0
TX007092,0
TX003183,0
TX001584,0
TX002541,0
TX000710,0
TX001465,0
TX006981,0
TX006752,0
TX001596,0
TX006059,0
TX004469,0
TX001017,0
TX006959,0
TX003094,0
TX000531,0
TX000644,0
TX005863,0
TX002496,0
TX002683,0
TX007027,0
TX005684,0
TX000387,0
TX002961,0
TX005184,0
TX000306,0
TX007341,0
TX005249,0
TX000500,0
TX006697,0
TX006568,0
TX003273,0
TX003831,0
TX007271,0
TX007589,0
TX003579,0
TX000140,0
TX002841,0
TX003339,0
TX006833,0
TX007029,0
TX005001,0
TX004520,0
TX005442,0
TX007645,0
TX001030,0
TX003679,0
TX005138,0
TX006514,0
TX006060,0
TX004003,0
TX004669,0
TX002928,0
TX005562,0
TX003466,0
TX002829,0
TX001636,0
TX001326,0
TX004227,0
TX006819,0
TX003360,0
TX004323,0
TX006669,0
TX004931,0
TX005158,0
TX002548,0
TX006562,0
TX005841,0
TX002630,0
TX005822,0
TX000934,0
TX002574,0
TX004661,0
TX000170,0
TX002226,0
TX005353,0
TX002566,0
TX005732,0
TX005098,0
TX002584,0
TX006531,0
TX003592,0
TX002776,0
TX001891,0
TX004022,0
TX002406,0
TX002030,0
TX005275,0
TX000275,0
TX003851,0
TX007519,0
TX003150,0
TX006213,0
TX004980,1
TX006177,0
TX003567,0
TX004479,0
TX004670,0
TX004794,0
TX004893,0
TX005998,0
TX003168,0
TX000983,0
TX000507,0
TX006119,0
TX006459,0
TX002270,0
TX003787,0
TX005679,0
TX006347,0
TX002945,0
TX005687,0
TX002428,0
TX007906,0
TX005957,0
TX001697,0
TX002581,0
TX003388,0
TX001172,0
TX002866,1
TX001796,0
TX005583,0
TX003301,0
TX004835,0
TX001316,0
TX001385,0
TX006888,0
TX002413,0
TX001749,0
TX000466,0
TX001356,0
TX004612,0
TX004787,0
TX001389,0
TX002246,0
TX001555,0
TX003937,0
TX002476,0
TX005897,1
TX005940,0
TX007196,0
TX000977,0
TX002825,0
TX002604,0
TX005530,0
TX002189,0
TX003862,0
TX007723,0
TX002422,0
TX003547,0
TX006367,0
TX001866,0
TX002975,0
TX000948,0
TX005590,0
TX004719,0
TX001291,0
TX007863,0
TX005130,0
TX005556,0
TX002349,0
TX006565,1
TX001138,0
TX005309,0
TX007050,0
TX004885,0
TX006057,0
TX007657,0
TX007976,0
TX001503,0
TX002586,0
TX000879,0
TX002001,0
TX005093,0
TX006146,0
TX001412,0
TX003132,0
TX005473,0
TX007125,0
TX003792,0
TX006386,0
TX007026,1
TX007467,0
TX001029,0
TX004278,0
TX005675,0
TX005370,0
TX005394,0
TX004797,0
TX003626,0
TX004074,0
TX005877,0
TX000869,0
TX006914,0
TX004694,0
TX004235,0
TX002078,0
TX006522,0
TX001219,1
TX005230,0
TX005890,1
TX001368,0
TX007388,0
TX001025,0
TX006322,0
TX001734,0
TX005922,0
TX000305,0
TX003116,0
TX004952,0
TX000806,0
TX006696,0
TX006588,0
TX005485,0
TX002134,0
TX005552,0
TX005714,0
TX003412,0
TX000660,0
TX005231,0
TX002018,0
TX007569,0
TX005122,0
TX004237,0
TX003994,0
TX004649,0
TX001913,0
TX003243,0
TX002711,0
TX004921,0
TX006323,0
TX004401,0
TX001261,0
TX001236,0
TX005360,0
TX006860,1
TX006583,0
TX002593,0
TX001741,0
TX006902,0
TX007829,0
TX004771,0
TX000530,0
TX002083,0
TX006770,0
TX001090,0
TX006185,0
TX004781,0
TX007898,0
TX000120,0
TX001585,0
TX003380,0
TX001892,0
TX007044,1
TX005859,0
TX007735,0
TX003037,0
TX007604,0
TX003685,0
TX003754,0
TX006628,0
TX005372,0
TX001602,0
TX002216,0
TX005272,0
TX000838,1
TX000990,0
TX000319,0
TX006029,0
TX004609,0
TX007908,0
TX004039,0
TX000219,0
TX003684,0
TX004494,0
TX006688,0
TX004316,0
TX002794,0
TX000024,0
TX004176,0
TX003494,0
TX004756,0
TX006880,0
TX007638,0
TX000682,0
TX003024,0
TX001151,0
TX000229,0
TX004103,0
TX002946,0
TX002804,0
TX004459,0
TX000264,0
TX006464,0
TX000887,0
TX004573,0
TX000773,0
TX006845,0
TX001273,0
TX003165,1
TX002550,0
TX006346,0
TX003454,0
TX001649,1
TX006966,0
TX002368,0
TX006088,0
TX004070,0
TX003630,0
TX003813,0
TX003957,0
TX003952,0
TX004063,0
TX005459,0
TX004286,0
TX001328,0
TX007414,0
TX002182,0
TX001850,0
TX001705,0
TX005872,0
TX003004,0
TX005994,0
TX003197,0
TX006658,0
TX004369,0
TX005999,0
TX000059,0
TX003191,0
TX002677,0
TX003546,0
TX006921,0
TX002364,0
TX002795,0
TX007313,0
TX001586,0
TX003022,0
TX000498,0
TX002557,0
TX001332,1
TX003938,0
TX003893,0
TX000705,1
TX002475,0
TX006769,0
TX000204,0
TX005851,0
TX004569,0
TX004306,0
TX002682,1
TX003342,0
TX007767,0
TX004448,0
TX003737,1
TX004279,0
TX005385,0
TX007885,0
TX000537,0
TX007766,0
TX002979,0
TX002847,0
TX001209,0
TX007124,0
TX002443,1
TX002095,1
TX006607,0
TX003317,0
TX001600,0
TX006494,0
TX003363,0
TX005343,0
TX007130,0
TX002097,0
TX004099,0
TX002244,0
TX000406,0
TX005697,0
TX000873,0
TX003011,0
TX004725,0
TX001730,0
TX003434,0
TX003975,0
TX007726,0
TX007989,0
TX005568,0
TX005181,0
TX003045,0
TX000057,0
TX005690,0
TX002155,0
TX007797,0
TX006738,0
TX005843,0
TX007635,0
TX005563,0
TX001268,0
TX002853,0
TX003090,0
TX004623,0
TX001755,0
TX007779,0
TX003674,0
TX000683,0
TX003922,0
TX007442,0
TX002951,0
TX001039,0
TX002367,0
TX001032,0
TX004268,0
TX005358,0
TX003423,0
TX004204,0
TX001826,0
TX001441,0
TX007675,1
TX006387,0
TX005772,0
TX002958,0
TX001858,0
TX005034,1
TX000933,0
TX001177,0
TX003858,0
TX001828,0
TX000433,0
TX005654,1
TX006351,0
TX002905,0
TX005215,0
TX005642,0
TX007875,0
TX004239,0
TX005519,0
TX003312,0
TX004336,1
TX001224,0
TX007236,0
TX003576,0
TX004968,0
TX003671,0
TX003187,0
TX006653,0
TX004962,0
TX005471,0
TX001957,0
TX007447,0
TX000356,0
TX000114,0
TX004923,0
TX004896,0
TX004560,0
TX005144,0
TX003896,0
TX006139,0
TX002726,0
TX005604,0
TX000637,0
TX006716,0
TX007532,0
TX007104,0
TX005289,0
TX002881,0
TX004226,0
TX005006,0
TX005421,0
TX005619,1
TX003963,0
TX001311,1
TX004570,0
TX001130,0
TX006304,0
TX006606,0
TX006110,0
TX003271,0
TX003459,0
TX003817,0
TX000734,0
TX000592,0
TX003980,0
TX006481,0
TX001579,0
TX007993,0
TX006717,0
TX004385,0
TX007999,0
TX003441,1
TX002409,0
TX003277,1
TX006009,0
TX007681,0
TX003697,0
TX004299,0
TX007429,0
TX000651,0
TX002373,0
TX005865,0
TX004818,0
TX001865,0
TX006081,0
TX003055,0
TX006730,0
TX000627,0
TX004501,0
TX007997,0
TX002415,0
TX005294,0
TX000232,0
TX004395,0
TX005958,0
TX001853,0
TX004747,0
TX004486,0
TX007626,0
TX003942,0
TX002388,0
TX003673,0
TX002855,0
TX006729,0
TX002227,0
TX003552,0
TX000759,0
TX004391,0
TX007581,0
TX003157,0
TX002043,0
TX005268,0
TX002915,0
TX007615,0
TX006031,0
TX003354,0
TX000813,0
TX006134,0
TX007960,0
TX004029,0
TX007478,0
TX007099,1
TX004556,0
TX007772,1
TX007909,1
TX004485,0
TX001007,0
TX003260,0
TX003027,0
TX000189,0
TX005088,0
TX000176,0
TX002038,0
TX006509,0
TX003333,0
TX006764,0
TX005522,0
TX001460,0
TX006097,0
TX007470,0
TX007278,0
TX006338,0
TX002135,0
TX007760,0
TX004416,0
TX006810,0
TX001764,0
TX007094,0
TX007861,0
TX007366,0
TX003734,0
TX005117,0
TX000623,0
TX003172,0
TX001848,0
TX004476,0
TX005431,0
TX005531,1
TX000344,0
TX004836,0
TX007371,0
TX005637,0
TX000635,0
TX007926,0
TX003816,0
TX007436,0
TX000423,0
TX005916,0
TX004120,0
TX007304,0
TX001678,0
TX005418,0
TX007400,0
TX002745,0
TX002258,0
TX005235,0
TX007259,0
TX004674,0
TX007546,0
TX001220,0
TX006953,0
TX002378,0
TX007441,0
TX007992,1
TX006492,1
TX003395,0
TX006479,0
TX004441,0
TX005662,0
TX000014,0
TX004265,0
TX001693,0
TX000415,0
TX000895,0
TX000528,0
TX003328,0
TX001815,0
TX002867,0
TX001452,0
TX006834,0
TX004169,0
TX003043,0
TX004697,0
TX003396,0
TX003628,0
TX006299,0
TX003302,0
TX007545,0
TX007401,0
TX002737,0
TX002273,0
TX003602,0
TX001554,0
TX000149,0
TX005022,1
TX006776,0
TX002927,0
TX003399,0
TX004091,0
TX006192,1
TX004899,0
TX001792,0
TX004522,0
TX005683,0
TX002546,0
TX003990,0
TX007142,0
TX002791,0
TX004173,0
TX004932,0
TX007510,0
TX002655,0
TX002032,0
TX007166,0
TX006330,0
TX000764,0
TX000282,0
TX004714,0
TX001629,0
TX007612,0
TX007864,0
TX000245,0
TX007830,0
TX002059,0
TX005776,1
TX006945,0
TX007428,0
TX006079,0
TX001917,0
TX003026,0
TX007646,0
TX002382,0
TX001980,0
TX005612,0
TX005127,0
TX002477,1
TX004786,0
TX003908,0
TX004172,0
TX000474,0
TX003524,0
TX002352,0
TX002478,0
TX007773,0
TX001021,0
TX001771,0
TX001750,0
TX002800,0
TX003404,0
TX005943,0
TX000679,0
TX005054,0
TX004535,0
TX004712,0
TX007258,0
TX006758,0
TX007488,0
TX006840,0
TX000052,0
TX007584,0
TX006292,0
TX005784,0
TX000312,0
TX006429,0
TX004221,0
TX003951,0
TX004210,0
TX005379,0
TX000071,0
TX000680,0
TX001171,0
TX006644,0
TX003158,0
TX002164,0
TX003941,0
TX000511,0
TX000146,0
TX002528,0
TX000593,0
TX007033,0
TX001112,0
TX006309,0
TX000258,0
TX003704,1
TX000402,1
TX000206,0
TX007777,0
TX004586,1
TX006103,0
TX001312,0
TX000169,0
TX006113,1
TX004064,0
TX002854,0
TX001080,0
TX001142,0
TX001662,0
TX007055,0
TX001022,0
TX005078,1
TX007740,0
TX000628,0
TX007737,0
TX006096,0
TX007693,0
TX001989,0
TX004444,0
TX002526,0
TX000534,0
TX005475,0
TX001900,0
TX003707,0
TX007789,0
TX000011,0
TX002923,0
TX003903,0
TX002883,0
TX001890,0
TX005633,0
TX000086,0
TX007418,0
TX002899,0
TX005429,0
TX000492,0
TX007509,0
TX006813,1
TX003696,0
TX000160,0
TX000017,0
TX000491,0
TX007762,0
TX005574,0
TX005671,0
TX003814,0
TX004651,0
TX002972,0
TX002003,0
TX006030,0
TX003703,0
TX002077,0
TX000971,0
TX007243,1
TX003847,0
TX000610,0
TX003538,0
TX004078,0
TX004600,0
TX001371,0
TX004658,0
TX004195,0
TX005907,0
TX006055,0
TX003262,0
TX000337,0
TX001961,0
TX003503,0
TX003529,0
TX007420,1
TX000004,0
TX002956,0
TX003881,0
TX005167,0
TX006853,0
TX006686,0
TX001114,0
TX006485,0
TX007299,0
TX000414,0
TX000156,0
TX001767,0
TX005786,1
TX000668,0
TX002144,0
TX006283,0
TX002567,1
TX003061,0
TX001315,0
TX006058,0
TX004640,0
TX007571,0
TX004779,0
TX000636,0
TX006114,0
TX000342,0
TX003762,0
TX000043,1
TX007275,0
TX006905,0
TX004287,0
TX002704,1
TX003358,0
TX001082,0
TX004229,0
TX000163,0
TX000067,0
TX004013,0
TX003987,0
TX006589,1
TX004149,0
TX000159,0
TX007421,0
TX003946,0
TX004823,0
TX003418,0
TX004740,0
TX004363,0
TX000467,0
TX002111,0
TX000689,0
TX004098,0
TX005166,0
TX002371,0
TX006812,0
TX004824,0
TX005829,0
TX007816,0
TX004024,0
TX007819,0
TX002922,0
TX004470,0
TX000046,0
TX004400,0
TX007079,0
TX004615,0
TX002751,0
TX007630,0
TX007353,0
TX000816,1
TX007154,0
TX007533,0
TX000966,1
TX002561,0
TX007252,0
TX001988,0
TX006542,0
TX003506,0
TX000235,0
TX005259,0
TX006428,0
TX001870,0
TX005626,0
TX001377,0
TX004232,0
TX006384,0
TX005205,0
TX004760,0
TX001218,0
TX007869,0
TX005298,0
TX002782,0
TX002469,0
TX004216,0
TX000898,0
TX001336,0
TX003033,0
TX003138,0
TX003645,0
TX005075,0
TX004940,0
TX005860,0
TX001037,0
TX005376,0
TX002977,0
TX000167,0
TX006377,0
TX002762,0
TX007324,0
TX007755,0
TX005778,0
TX000247,0
TX004505,0
TX007423,0
TX004101,0
TX000772,0
TX004375,1
TX006412,0
TX007685,0
TX007458,0
TX004780,0
TX002183,0
TX005727,0
TX001415,0
TX000877,0
TX003500,0
TX006970,0
TX006091,0
TX001411,0
TX002302,0
TX007847,0
TX007721,0
TX007938,0
TX002281,0
TX001799,0
TX002057,0
TX002031,0
TX007378,0
TX001202,0
TX001016,0
TX000788,0
TX000586,0
TX002366,0
TX000426,0
TX007475,0
TX002708,0
TX004946,0
TX005978,0
TX005133,0
TX000417,0
TX007874,0
TX002748,0
TX007107,0
TX006893,0
TX006339,0
TX002860,0
TX007208,0
TX003846,0
TX000238,0
TX004677,0
TX007159,0
TX001765,0
TX002255,0
TX000080,0
TX005709,0
TX004852,1
TX000455,0
TX004752,0
TX004320,0
TX001901,0
TX001969,0
TX006244,0
TX007000,0
TX001269,0
TX001642,0
TX001868,0
TX002812,0
TX004155,0
TX001647,1
TX007851,0
TX003485,0
TX000188,1
TX004558,0
TX003336,0
TX004422,0
TX007876,0
TX007676,0
TX000437,0
TX003175,0
TX000313,0
TX002987,0
TX001521,0
TX002498,0
TX004174,0
TX000193,1
TX002822,0
TX007312,0
TX001357,1
TX004901,0
TX000893,0
TX000720,0
TX002554,0
TX007322,0
TX003632,0
TX005482,0
TX001593,0
TX001031,0
TX006174,0
TX003657,0
TX000621,1
TX002254,0
TX006375,0
TX003221,0
TX000517,0
TX003213,0
TX007703,0
TX007963,0
TX007283,0
TX006073,0
TX004934,0
TX004439,0
TX001458,0
TX005449,0
TX006710,0
TX004041,0
TX001429,0
TX006550,1
TX004053,0
TX000881,0
TX004589,0
TX007948,0
TX006390,0
TX000367,0
TX006711,0
TX003681,0
TX002700,1
TX007928,1
TX000882,0
TX001173,0
TX006425,0
TX007126,0
TX003368,0
TX003417,0
TX001394,1
TX004530,1
TX006538,0
TX007374,0
TX001790,0
TX006334,0
TX002989,0
TX000940,0
TX007121,0
TX001852,0
TX007900,0
TX002090,0
TX004260,0
TX006854,0
TX003101,1
TX003962,0
TX006348,0
TX003763,0
TX003274,0
TX004716,0
TX002332,0
TX002835,0
TX000454,0
TX003254,0
TX007273,0
TX004214,0
TX004349,0
TX005844,0
TX006497,0
TX002816,0
TX006591,1
TX001528,0
TX006558,0
TX005864,1
TX003286,0
TX006475,0
TX002079,1
TX001869,0
TX002783,0
TX004123,0
TX003239,0
TX005363,0
TX007945,0
TX007205,1
TX002066,0
TX003471,0
TX006195,0
TX001527,0
TX006524,0
TX000294,0
TX002640,0
TX002391,0
TX004315,0
TX005969,0
TX000082,0
TX004373,0
TX003397,0
TX003864,0
TX003059,0
TX003920,0
TX004496,0
TX000112,1
TX007018,0
TX006577,0
TX000284,0
TX003982,0
TX005466,0
TX000079,0
TX002802,0
TX000143,0
TX006726,0
TX000259,0
TX000211,0
TX002986,0
TX003031,0
TX000358,0
TX004547,0
TX005489,0
TX002894,0
TX006257,0
TX000332,0
TX000105,0
TX004821,0
TX000053,0
TX005410,0
TX002138,0
TX002486,0
TX005788,0
TX001129,0
TX001641,0
TX004290,0
TX006859,0
TX000070,0
TX007504,0
TX000581,0
TX002039,0
TX002529,0
TX003062,0
TX002505,0
TX002685,1
TX004164,0
TX003203,0
TX007156,0
TX004397,0
TX003154,0
TX000728,0
TX002225,0
TX005756,0
TX004840,0
TX004231,0
TX003386,0
TX000575,0
TX000620,0
TX004292,1
TX002721,1
TX004733,0
TX000463,0
TX003444,0
TX007880,0
TX002789,0
TX002690,0
TX001154,0
TX004389,0
TX000279,0
TX004332,0
TX006000,0
TX001366,0
TX006609,0
TX006163,0
TX001158,1
TX002203,0
TX000785,0
TX001777,0
TX003315,0
TX003588,0
TX005123,0
TX007687,0
TX004815,0
TX003179,0
TX002552,0
TX007293,0
TX000640,0
TX004982,0
TX007551,1
TX000905,0
TX001494,0
TX000460,0
TX001240,0
TX002125,0
TX002441,0
TX001066,0
TX000003,0
TX004489,0
TX003131,0
TX007655,0
TX004045,1
TX001971,0
TX005813,0
TX004605,0
TX004449,0
TX003108,0
TX000795,0
TX000598,0
TX005454,0
TX005636,0
TX004118,0
TX005118,0
TX000290,0
TX002605,0
TX005790,1
TX005980,0
TX002652,1
TX005352,0
TX005909,0
TX007300,0
TX000048,1
TX007837,0
TX002512,1
TX006160,0
TX000192,0
TX006171,0
TX000348,0
TX005706,0
TX007198,0
TX004225,0
TX001683,0
TX002865,0
TX006940,1
TX002856,0
TX004770,0
TX004194,0
TX003145,0
TX005060,0
TX007255,0
TX005354,0
TX002481,0
TX007245,0
TX003032,0
TX005023,0
TX001350,0
TX006098,0
TX002732,0
TX006830,0
TX003726,0
TX000801,0
TX001275,0
TX006573,0
TX006518,1
TX000633,0
TX001162,0
TX004026,1
TX005132,0
TX005430,0
TX003970,0
TX006126,0
TX007629,0
TX006961,0
TX004726,0
TX001284,0
TX004321,0
TX004113,1
TX006994,0
TX001841,0
TX005926,0
TX004380,0
TX001338,0
TX006660,0
TX001364,0
TX005646,0
TX003195,0
TX005854,0
TX007877,0
TX001531,0
TX000462,0
TX003621,0
TX004094,1
TX003123,0
TX000913,0
TX004276,0
TX003631,0
TX005348,0
TX001386,0
TX000396,0
TX004995,0
TX006279,0
TX001786,0
TX003648,0
TX007667,0
TX006512,0
TX006809,0
TX001400,0
TX000745,0
TX005810,0
TX007843,0
TX000709,0
TX005935,0
TX001770,0
TX005335,0
TX007178,0
TX001993,0
TX002485,0
TX000044,0
TX004386,0
TX001619,0
TX004659,0
TX005886,0
TX006004,0
TX006523,0
TX001644,0
TX001785,0
TX003425,0
TX007435,1
TX003604,0
TX006132,0
TX003825,0
TX006692,0
TX006788,0
TX003345,0
TX003884,0
TX004876,1
TX000688,0
TX002295,0
TX004289,0
TX002277,0
TX005826,0
TX003046,0
TX002237,0
TX007689,0
TX003542,0
TX002440,0
TX006881,0
TX005799,0
TX004979,0
TX004362,0
TX005819,0
TX000867,0
TX006820,0
TX001450,0
TX003287,0
TX007729,0
TX003670,0
TX005250,0
TX004127,0
TX003040,0
TX004483,0
TX003007,0
TX007349,0
TX001888,0
TX002861,0
TX000931,0
TX003635,0
TX000902,0
TX003401,0
TX006701,0
TX002618,0
TX000386,0
TX004495,0
TX006932,0
TX005733,0
TX003420,0
TX007828,0
TX000220,0
TX001624,0
TX002403,0
TX007672,0
TX001769,0
TX006721,0
TX002461,0
TX006982,0
TX003344,0
TX003298,0
TX001964,0
TX004958,0
TX000117,0
TX003233,0
TX000802,0
TX003242,0
TX003596,0
TX001708,0
TX004973,0
TX005050,0
TX000272,0
TX007559,0
TX001713,0
TX000250,0
TX004246,0
TX002358,0
TX006325,0
TX000382,0
TX004599,0
TX004629,0
TX002004,0
TX007193,0
TX002023,0
TX006765,0
TX000393,0
TX006016,0
TX003383,0
TX002247,0
TX001401,0
TX003779,0
TX005387,0
TX001170,0
TX007344,1
TX006954,0
TX007790,0
TX005873,0
TX002614,0
TX002000,1
TX002944,0
TX004598,1
TX006295,0
TX001873,0
TX000975,0
TX007964,0
TX005079,0
TX006552,0
TX006751,0
TX007548,0
TX001239,0
TX001597,0
TX006210,0
TX003144,0
TX007250,0
TX007047,0
TX004350,0
TX006839,0
TX000662,0
TX004550,0
TX002739,0
TX005964,0
TX005840,0
TX006936,0
TX000979,0
TX005240,0
TX004878,0
TX003522,0
TX007162,0
TX002260,0
TX003806,0
TX004646,0
TX004689,0
TX005737,0
TX006249,0
TX007457,0
TX000340,0
TX002408,0
TX000674,0
TX003215,1
TX003856,0
TX002559,1
TX003839,0
TX007513,0
TX000612,0
TX001485,0
TX004054,0
TX007128,0
TX001880,0
TX002959,0
TX003283,0
TX005565,0
TX000131,0
TX000706,0
TX005537,0
TX005025,0
TX007968,1
TX005899,1
TX007980,0
TX000307,0
TX002223,0
TX002801,0
TX007748,0
TX003049,0
TX001657,0
TX007389,0
TX007822,0
TX000926,0
TX001132,0
TX004791,0
TX002919,0
TX006414,0
TX000383,0
TX002671,0
TX001564,0
TX004319,0
TX001342,0
TX004926,0
TX001298,0
TX004343,0
TX002653,0
TX006667,0
TX001206,0
TX001243,0
TX007314,0
TX001885,0
TX003166,0
TX007385,0
TX007872,0
TX006045,0
TX004404,0
TX007381,0
TX000150,0
TX002350,0
TX000545,0
TX006128,0
TX004433,0
TX005114,0
TX005150,0
TX005112,0
TX005324,0
TX001631,1
TX003654,0
TX003427,0
TX001652,0
TX004857,0
TX006578,0
TX007580,0
TX007338,0
TX002579,0
TX000362,0
TX001740,0
TX006462,0
TX001754,0
TX000379,0
TX002274,0
TX003472,0
TX002175,0
TX005071,0
TX002603,0
TX000750,0
TX006204,0
TX002423,0
TX000074,1
TX006919,0
TX002784,0
TX004577,1
TX000069,0
TX004744,0
TX005052,0
TX006580,0
TX004150,0
TX006799,0
TX004037,0
TX000251,0
TX007781,0
TX003843,0
TX003307,0
TX004997,0
TX006395,0
TX005237,0
TX005862,0
TX000848,0
TX002220,0
TX004288,0
TX005868,0
TX007530,1
TX001773,0
TX006563,0
TX007120,0
TX004800,0
TX004804,0
TX005917,0
TX003836,0
TX003695,0
TX007808,0
TX002788,0
TX005262,0
TX007202,0
TX005129,0
TX006327,0
TX003008,0
TX002016,0
TX002882,0
TX001996,0
TX002357,0
TX001639,0
TX005119,0
TX006472,1
TX001542,0
TX005996,0
TX000464,0
TX007136,0
TX005879,0
TX006230,0
TX001999,0
TX002271,0
TX004686,0
TX005116,0
TX003721,1
TX001817,0
TX001482,0
TX001259,0
TX007856,0
TX000812,0
TX002718,0
TX007499,0
TX003331,0
TX000719,0
TX003612,0
TX004514,0
TX003686,0
TX001587,0
TX004434,1
TX006647,0
TX006532,0
TX000751,0
TX005458,0
TX004680,0
TX002932,0
TX001867,0
TX002483,0
TX001038,0
TX005027,0
TX003915,0
TX000126,0
TX007138,0
TX005580,0
TX002235,0
TX004447,0
TX004579,0
TX001195,0
TX004850,0
TX006639,0
TX001751,0
TX001069,0
TX004328,0
TX007075,0
TX007132,0
TX004212,0
TX005664,0
TX005188,0
TX005661,0
TX002389,0
TX007701,0
TX007600,0
TX006252,0
TX003107,0
TX005666,1
TX005835,0
TX000512,0
TX007716,0
TX007770,0
TX002516,0
TX005710,0
TX002734,0
TX001650,0
TX007481,0
TX002810,0
TX007001,0
TX001703,1
TX006124,0
TX001914,0
TX001174,0
TX007365,0
TX000345,0
TX001024,0
TX007836,0
TX007547,0
TX004784,0
TX006380,1
TX002265,0
TX001101,0
TX000743,0
TX002084,0
TX000378,0
TX004409,0
TX007606,0
TX005035,0
TX003682,0
TX003406,0
TX000618,0
TX003830,0
TX007409,0
TX007846,0
TX005883,0
TX003285,0
TX003137,0
TX007426,0
TX002844,0
TX003756,0
TX002187,0
TX003705,0
TX001464,0
TX007805,0
TX000327,0
TX002262,0
TX001437,0
TX005463,0
TX006541,0
TX005753,0
TX002049,0
TX001698,1
TX001208,0
TX000740,0
TX001289,0
TX004754,0
TX007327,0
TX005018,0
TX005648,0
TX007321,0
TX006956,0
TX006887,1
TX004256,0
TX002266,0
TX005409,0
TX007811,0
TX005045,0
TX000410,0
TX005588,0
TX003279,0
TX006267,0
TX000495,0
TX001709,0
TX000026,0
TX001324,0
TX006288,0
TX007759,0
TX004281,0
TX005419,0
TX004572,1
TX006250,0
TX002531,0
TX003348,0
TX005036,0
TX000157,0
TX003480,0
TX001277,0
TX004066,0
TX000841,0
TX006154,0
TX000945,0
TX005136,0
TX001083,0
TX001690,0
TX006815,0
TX000186,0
TX001207,0
TX006270,0
TX007361,0
TX007445,0
TX007594,0
TX001133,0
TX000023,0
TX006026,0
TX006855,0
TX000595,0
TX002197,1
TX005198,0
TX007325,0
TX001144,0
TX000564,0
TX006238,0
TX006895,0
TX003539,0
TX005030,0
TX007404,0
TX007210,0
TX006684,0
TX004403,0
TX006051,0
TX001757,0
TX007204,0
TX003984,0
TX003351,0
TX005833,0
TX005368,0
TX007390,0
TX001265,0
TX005326,0
TX005691,0
TX006196,0
TX002535,0
TX003067,0
TX005869,0
TX006811,1
TX003809,0
TX003125,0
TX004354,0
TX005244,0
TX003338,0
TX004055,0
TX007975,0
TX001575,0
TX001934,0
TX001432,0
TX002342,0
TX005381,1
TX000808,0
TX006240,0
TX005792,1
TX003605,0
TX000889,0
TX003486,0
TX001589,0
TX001970,0
TX001788,0
TX002752,1
TX005823,0
TX006806,0
TX004757,1
TX004344,0
TX000560,0
TX001543,0
TX004487,0
TX001956,0
TX006087,0
TX005624,0
TX002398,0
TX004635,0
TX000739,0
TX004116,0
TX004685,0
TX002464,0
TX007059,0
TX003220,1
TX001774,1
TX006234,0
TX001214,0
TX001373,0
TX003190,0
TX001292,0
TX000522,0
TX005128,0
TX006993,0
TX002472,0
TX002480,1
TX006242,0
TX005927,0
TX007186,0
TX005179,0
TX006082,0
TX001489,1
TX007522,0
TX001110,0
TX000483,0
TX006449,0
TX004758,0
TX003614,0
TX000916,0
TX004576,0
TX001492,0
TX005787,0
TX006228,0
TX001663,0
TX003931,0
TX007232,0
TX005849,0
TX004106,0
TX004162,0
TX005058,0
TX001103,0
TX005000,0
TX002232,0
TX001758,0
TX006978,0
TX002902,0
TX006111,1
TX002322,0
TX004270,0
TX006856,0
TX003281,0
TX005293,0
TX004611,0
TX002813,0
TX002206,0
TX006003,0
TX006597,0
TX007778,0
TX001461,0
TX006844,0
TX006241,0
TX003435,0
TX007247,0
TX004565,0
TX007235,0
TX003693,0
TX007736,0
TX004478,0
TX002523,0
TX003461,0
TX001005,0
TX003855,0
TX003902,0
TX005507,1
TX002426,0
TX007535,0
TX002875,0
TX005256,0
TX003353,0
TX002065,0
TX005526,0
TX004826,0
TX002315,0
TX002224,0
TX002696,0
TX006900,0
TX006747,0
TX003706,0
TX003038,0
TX004257,0
TX005921,0
TX003910,0
TX007004,1
TX007296,0
TX006912,0
TX000760,0
TX001309,0
TX005630,0
TX003943,0
TX004038,0
TX006046,0
TX001310,0
TX007431,0
TX006416,0
TX004909,0
TX006401,0
TX007254,0
TX004295,0
TX001499,0
TX006272,0
TX003527,1
TX006362,0
TX000375,0
TX006321,0
TX003842,0
TX000050,0
TX003924,0
TX002633,0
TX005771,0
TX005769,0
TX004044,0
TX000955,0
TX004348,0
TX003880,1
TX004219,0
TX001675,0
TX001509,0
TX004531,0
TX006106,0
TX003364,0
TX002452,0
TX005302,0
TX004613,1
TX004497,0
TX001117,0
TX002699,0
TX001346,0
TX006499,0
TX001466,0
TX001715,0
TX004974,0
TX007391,0
TX001559,0
TX007787,0
TX004544,0
TX002514,0
TX005251,0
TX007013,0
TX007037,0
TX003057,0
TX003906,0
TX000263,0
TX005924,0
TX006527,1
TX001145,0
TX000051,0
TX004051,0
TX004010,0
TX005747,0
TX000997,0
TX001637,0
TX000562,0
TX002074,0
TX006554,0
TX004457,0
TX007045,0
TX004580,0
TX002555,0
TX001515,0
TX002831,0
TX004223,0
TX006898,1
TX003185,0
TX002772,0
TX002723,0
TX005925,0
TX001274,0
TX005870,0
TX006976,0
TX006024,0
TX002140,0
TX003329,0
TX003797,0
TX007917,0
TX002115,0
TX007168,0
TX002940,0
TX004365,0
TX004698,0
TX007500,0
TX004832,0
TX007517,0
TX003230,0
TX007472,0
TX001089,0
TX007827,0
TX007754,0
TX007990,0
TX007587,0
TX006393,0
TX000868,0
TX001379,0
TX003729,0
TX007903,0
TX003012,0
TX007139,0
TX005670,0
TX001951,0
TX002282,0
TX003928,0
TX006205,0
TX002019,0
TX003219,0
TX001299,0
TX001327,0
TX003676,0
TX006261,0
TX007471,1
TX004372,0
TX000035,0
TX004915,0
TX002997,0
TX005221,0
TX007453,0
TX004975,0
TX000209,0
TX000589,0
TX004500,1
TX000510,0
TX000514,0
TX002151,0
TX000060,0
TX006112,0
TX001780,0
TX003460,0
TX005391,0
TX002085,0
TX000847,0
TX007185,0
TX001178,1
TX003377,0
TX004856,0
TX000481,0
TX004916,0
TX002063,0
TX004741,0
TX002245,0
TX004234,0
TX004275,0
TX007709,0
TX004016,0
TX006651,0
TX007893,0
TX007350,0
TX007855,0
TX005264,0
TX000096,0
TX003297,0
TX005959,0
TX001351,0
TX004775,0
TX007531,0
TX007814,0
TX001948,0
TX004645,0
TX006183,0
TX007967,0
TX005263,0
TX005462,0
TX001510,0
TX002710,0
TX003127,0
TX002576,0
TX003326,0
TX003340,0
TX000790,0
TX006203,0
TX002414,0
TX005197,0
TX007357,0
TX002601,0
TX004911,0
TX001645,0
TX005521,0
TX004081,0
TX005269,0
TX003584,1
TX000896,0
TX007924,0
TX003488,0
TX007147,0
TX000365,1
TX002236,0
TX003988,0
TX003445,1
TX003724,0
TX002992,0
TX000822,0
TX003196,0
TX001470,0
TX001525,0
TX005678,0
TX003580,0
TX004509,0
TX003651,0
TX002238,0
TX003764,0
TX003105,0
TX003256,0
TX002880,0
TX006421,0
TX004732,0
TX002380,0
TX002185,0
TX007782,0
TX005066,0
TX004371,0
TX007135,0
TX006382,0
TX005233,0
TX006262,1
TX001425,0
TX007747,0
TX007613,0
TX002658,0
TX007731,0
TX003788,0
TX002338,0
TX005413,0
TX006224,0
TX002965,0
TX001295,0
TX005171,0
TX004654,0
TX003554,0
TX002284,0
TX006718,0
TX006423,0
TX004755,0
TX007683,0
TX004202,0
TX001688,0
TX000503,0
TX006624,0
TX005261,0
TX004660,0
TX006553,0
TX004368,0
TX007017,1
TX006750,0
TX002850,0
TX003783,0
TX004107,0
TX001167,0
TX007194,0
TX007080,0
TX002942,1
TX004870,0
TX000076,1
TX001205,0
TX000248,0
TX007512,0
TX001929,0
TX007261,0
TX002558,0
TX000548,0
TX007712,0
TX002200,1
TX003887,0
TX002139,0
TX001831,0
TX004312,0
TX004592,0
TX003225,0
TX003106,0
TX003050,0
TX007570,0
TX007956,1
TX007979,0
TX001519,0
TX004877,0
TX001006,0
TX007884,0
TX002180,0
TX004249,0
TX005386,0
TX006652,0
TX004665,0
TX007659,0
TX000085,1
TX002327,0
TX000350,0
TX004618,0
TX006166,0
TX004065,0
TX001676,1
TX005509,0
TX006147,0
TX006460,0
TX000656,0
TX003442,0
TX001137,0
TX002309,0
TX005192,0
TX007505,0
TX006495,0
TX000207,0
TX004571,0
TX001058,0
TX005900,0
TX007113,0
TX006933,0
TX006282,0
TX007780,0
TX001987,0
TX006300,0
TX000385,0
TX000185,0
TX003505,0
TX007597,0
TX003357,0
TX003324,0
TX007562,0
TX000753,0
TX005248,0
TX000497,0
TX002819,0
TX006169,0
TX006952,0
TX005875,0
TX004853,0
TX002372,0
TX003872,0
TX005745,0
TX001881,0
TX007563,0
TX006336,0
TX002141,0
TX006435,0
TX000317,0
TX002797,0
TX007163,0
TX001811,0
TX006361,0
TX007151,0
TX004124,0
TX007129,0
TX007153,0
TX000471,0
TX002230,0
TX000994,0
TX000976,0
TX000384,0
TX006521,0
TX007040,0
TX004028,1
TX001276,0
TX007921,0
TX001941,0
TX007528,0
TX002299,0
TX003303,0
TX006908,0
TX005951,0
TX003204,0
TX007078,0
TX000836,0
TX002750,0
TX004943,0
TX001743,0
TX005300,0
TX001334,0
TX007637,0
TX003126,0
TX004810,0
TX003469,0
TX007969,0
TX005832,0
TX002594,0
TX004366,0
TX002862,0
TX005615,0
TX003516,0
TX002109,0
TX006331,0
TX003810,0
TX003593,0
TX007137,1
TX004383,0
TX006441,0
TX004841,0
TX007220,0
TX004048,0
TX000758,0
TX001804,0
TX006907,0
TX005193,0
TX004894,0
TX005073,0
TX002075,0
TX005047,0
TX004298,1
TX004809,0
TX005017,0
TX002506,0
TX000421,0
TX003115,0
TX003559,0
TX006480,0
TX005953,0
TX000991,0
TX007118,0
TX000797,0
TX005591,0
TX004562,0
TX002647,0
TX002434,0
TX007768,0
TX006891,0
TX000473,0
TX001895,0
TX005284,0
TX003700,0
TX004543,0
TX002345,0
TX006837,0
TX001085,0
TX003455,0
TX005608,0
TX002719,0
TX002017,0
TX006616,0
TX004637,0
TX001416,0
TX001615,0
TX003155,0
TX003376,0
TX004961,0
TX006802,0
TX005975,0
TX003618,0
TX007061,0
TX002082,0
TX001192,0
TX002412,0
TX006520,0
TX003255,0
TX003074,0
TX007413,0
TX000487,0
TX000988,0
TX007595,0
TX000241,0
TX001976,0
TX002717,0
TX006001,0
TX004925,0
TX003114,1
TX003993,0
TX001403,0
TX001143,0
TX007301,0
TX000475,0
TX001946,0
TX000388,0
TX007375,0
TX005332,0
TX002251,0
TX007757,0
TX006904,0
TX000191,0
TX000009,0
TX006798,0
TX007399,0
TX000094,0
TX004374,0
TX002573,0
TX004881,0
TX006385,0
TX007961,1
TX000214,0
TX006677,0
TX000145,0
TX003095,0
TX001308,0
TX007020,0
TX004684,0
TX004043,0
TX000289,0
TX000179,0
TX007172,0
TX006396,0
TX003218,0
TX007310,0
TX005938,0
TX003745,0
TX000892,0
TX006706,0
TX000699,0
TX000432,0
TX000616,0
TX005288,0
TX005755,0
TX006682,0
TX007526,0
TX001487,0
TX005576,0
TX005143,0
TX001087,1
TX005455,0
TX002010,0
TX004977,0
TX003039,0
TX000297,0
TX003844,0
TX000561,0
TX003677,0
TX006496,0
TX001413,1
TX002527,0
TX000397,0
TX001161,0
TX006201,0
TX004361,0
TX002330,1
TX004582,0
TX006850,0
TX001671,0
TX000178,0
TX005406,0
TX002208,0
TX007199,0
TX000718,0
TX002375,0
TX007647,0
TX004233,0
TX006665,0
TX007291,0
TX001581,0
TX006297,0
TX003766,0
TX006317,0
TX002157,0
TX000858,0
TX006681,0
TX002668,0
TX000360,0
TX005647,0
TX002250,0
TX005242,0
TX000108,0
TX002780,0
TX006503,0
TX005202,1
TX004076,0
TX006326,0
TX003097,0
TX000572,0
TX000579,0
TX006761,0
TX000493,0
TX007382,0
TX006273,0
TX005496,0
TX003849,0
TX006343,0
TX007927,0
TX006593,0
TX005280,0
TX007117,0
TX002195,0
TX006693,0
TX001369,0
TX004482,0
TX001333,0
TX003782,0
TX003436,0
TX001270,0
TX006866,0
TX006143,0
TX000153,0
TX000767,0
TX002355,0
TX002294,0
TX005594,0
TX004475,0
TX004090,0
TX002466,0
TX006890,0
TX001271,0
TX006389,0
TX001627,0
TX006108,0
TX007021,0
TX002590,0
TX005377,0
TX000832,0
TX000650,0
TX005467,0
TX000927,0
TX005120,0
TX002543,0
TX007886,0
TX006882,0
TX000888,0
TX004347,0
TX007343,0
TX001157,0
TX005893,0
TX000401,0
TX001238,0
TX004693,0
TX007857,0
TX001789,0
TX000671,0
TX004424,0
TX004811,0
TX004575,0
TX003152,0
TX000195,0
TX000998,0
TX002840,0
TX005137,0
TX000862,0
TX005084,0
TX005824,1
TX006130,0
TX001337,0
TX005932,0
TX007110,0
TX007521,0
TX007242,0
TX007377,0
TX004333,0
TX004293,0
TX001538,0
TX005839,0
TX005912,0
TX003731,0
TX004655,0
TX003715,0
TX003058,0
TX002337,0
TX005483,0
TX005428,0
TX005902,0
TX007012,0
TX006944,0
TX003895,0
TX004928,0
TX001529,0
TX004061,0
TX002985,0
TX005361,0
TX001905,1
TX003511,0
TX004591,0
TX003509,0
TX007878,0
TX001391,0
TX000190,0
TX005398,0
TX002228,0
TX007302,0
TX001229,0
TX001340,0
TX007073,0
TX003972,0
TX005540,0
TX004908,1
TX002463,0
TX001256,0
TX004255,0
TX007072,0
TX007585,0
TX001573,0
TX005292,1
TX004710,0
TX000686,0
TX003564,0
TX000670,0
TX003837,0
TX007995,0
TX004895,0
TX007702,0
TX002424,0
TX001372,0
TX007618,0
TX001081,0
TX004865,0
TX004887,0
TX007174,0
TX005076,0
TX001244,0
TX002507,1
TX001536,0
TX002820,0
TX005726,0
TX007207,0
TX003591,1
TX006984,0
TX006302,0
TX006453,0
TX005176,1
TX002669,0
TX001922,1
TX003985,0
TX001084,0
TX007902,0
TX000984,0
TX006505,0
TX001072,0
TX000109,0
TX007285,0
TX000692,0
TX006632,0
TX007364,0
TX007415,0
TX003530,0
TX003912,0
TX004900,0
TX001010,0
TX000959,0
TX000749,0
TX005742,0
TX005677,0
TX006723,0
TX000213,0
TX002695,0
TX002351,0
TX004969,0
TX000811,1
TX007946,0
TX005162,0
TX005850,0
TX005285,0
TX005567,0
TX007669,0
TX003176,1
TX000439,0
TX001924,1
TX000834,0
TX001700,1
TX003555,0
TX001405,0
TX006867,0
TX002444,0
TX004851,0
TX002390,0
TX003306,0
TX001449,0
TX007679,0
TX005807,0
TX004749,0
TX005878,0
TX001054,0
TX003109,0
TX006529,0
TX000254,0
TX005549,0
TX002521,1
TX005689,0
TX004935,0
TX004566,0
TX006909,0
TX007783,0
TX004140,0
TX000078,0
TX001851,0
TX003507,0
TX003755,0
TX005100,0
TX002540,0
TX005516,0
TX006206,0
TX007211,0
TX004207,0
TX007664,0
TX000339,0
TX006040,0
TX004141,0
TX004427,0
TX006253,0
TX007071,0
TX002846,0
TX000880,0
TX005180,0
TX003823,0
TX004880,0
TX007578,0
TX000779,0
TX002292,0
TX001349,0
TX000508,0
TX002823,0
TX007705,0
TX001926,0
TX007240,0
TX001252,0
TX003854,0
TX005212,0
TX006766,0
TX005966,0
TX006685,0
TX007901,0
TX004407,0
TX002741,1
TX006341,0
TX007498,1
TX003421,0
TX005748,0
TX001443,0
TX007176,0
TX003885,0
TX000587,0
TX007150,0
TX005314,0
TX000400,0
TX003060,0
TX002731,0
TX007524,0
TX005165,0
TX005157,0
TX002796,0
TX001640,0
TX007295,0
TX003222,0
TX005108,0
TX005450,0
TX000180,0
TX006312,0
TX000499,0
TX007527,0
TX001847,0
TX005161,1
TX005328,0
TX001344,0
TX004355,0
TX005330,0
TX007907,0
TX000649,0
TX002071,0
TX000839,0
TX003911,0
TX001426,0
TX004415,0
TX000731,0
TX003289,0
TX001668,0
TX005719,0
TX007490,0
TX005139,0
TX001897,0
TX005672,0
TX006440,0
TX005558,0
TX004217,0
TX006773,0
TX002709,0
TX007566,1
TX003878,0
TX005318,0
TX005972,0
TX000173,0
TX004431,0
TX003533,0
TX005342,0
TX000403,1
TX000614,0
TX006803,0
TX007034,0
TX002021,0
TX001699,0
TX005885,0
TX003785,0
TX006767,0
TX003379,0
TX005641,0
TX007573,0
TX005393,0
TX001723,0
TX005944,0
TX000453,0
TX007649,0
TX003077,0
TX005267,0
TX000418,0
TX007066,0
TX006291,0
TX004455,0
TX000141,0
TX005178,0
TX002167,0
TX001260,0
TX006137,0
TX004942,1
TX006167,0
TX007100,0
TX003996,0
TX006221,0
TX005988,0
TX004329,0
TX002354,0
TX001044,0
TX007011,0
TX003079,0
TX006675,0
TX007217,0
TX004253,0
TX004161,0
TX004828,0
TX002565,0
TX004359,0
TX006739,0
TX004023,0
TX001814,0
TX006695,0
TX000654,0
TX007641,0
TX004199,0
TX006473,0
TX005780,0
TX003950,0
TX002056,0
TX001057,0
TX001791,0
TX002308,0
TX005723,0
TX002047,0
TX003000,0
TX006044,0
TX005736,0
TX007317,0
TX003615,0
TX005041,0
TX003949,0
TX005307,0
TX000942,0
TX005504,0
TX003934,0
TX007810,0
TX007182,0
TX004002,0
TX004185,0
TX004050,0
TX005086,0
TX003019,0
TX002353,0
TX003573,0
TX001621,0
TX004717,0
TX002119,0
TX000897,0
TX000578,0
TX003901,0
TX004991,0
TX007152,0
TX000629,0
TX002252,0
TX005845,0
TX001628,0
TX005673,0
TX006170,0
TX002877,0
TX007718,0
TX006025,0
TX005365,0
TX005656,0
TX006599,0
TX004481,0
TX002534,0
TX004523,0
TX003128,0
TX000205,1
TX001156,0
TX006354,0
TX007048,0
TX000136,0
TX006790,0
TX005793,0
TX001314,0
TX005210,0
TX001164,0
TX005279,0
TX006744,0
TX003933,0
TX005602,0
TX003829,0
TX006215,0
TX004272,0
TX006789,0
TX003310,0
TX003904,0
TX002120,0
TX004672,0
TX006795,0
TX002099,0
TX000285,0
TX000603,0
TX007625,0
TX007932,0
TX002436,0
TX007057,0
TX003051,0
TX005702,0
TX005534,0
TX000993,1
TX002503,0
TX007023,0
TX007918,0
TX003319,0
TX006673,0
TX000805,0
TX002421,0
TX004849,0
TX006194,0
TX001060,0
TX006392,0
TX002920,0
TX003691,0
TX002094,0
TX002205,0
TX005495,0
TX004191,0
TX000607,0
TX006664,0
TX000646,1
TX002279,0
TX001533,0
TX004536,0
TX004834,0
TX007913,0
TX006212,0
TX003146,0
TX003499,0
TX006141,0
TX005468,0
TX000737,1
TX005976,0
TX002763,0
TX005472,0
TX002918,0
TX004187,0
TX005005,0
TX000980,0
TX007145,0
TX006600,0
TX002996,0
TX002248,0
TX002743,0
TX007694,0
TX004402,0
TX000715,0
TX007253,0
TX001844,0
TX007264,0
TX001226,0
TX006513,0
TX005222,0
TX000425,0
TX006225,0
TX006804,0
TX007503,0
TX002622,0
TX001665,0
TX002432,0
TX006689,0
TX000826,0
TX001832,0
TX002011,0
TX005373,0
TX001472,0
TX005815,0
TX003403,0
TX000911,0
TX006274,0
TX005074,0
TX005572,0
TX006175,0
TX002068,0
TX003513,0
TX001473,0
TX004511,0
TX001617,0
TX001654,0
TX000782,0
TX007497,0
TX001656,0
TX004220,0
TX007019,0
TX003568,0
TX004168,0
TX001524,0
TX002087,0
TX002300,0
TX005876,0
TX002624,0
TX004240,0
TX002697,0
TX002156,0
TX005620,0
TX005087,0
TX001695,0
TX001180,0
TX002341,0
TX000714,0
TX003295,0
TX000113,0
TX006089,0
TX004748,0
TX007911,0
TX002192,0
TX002646,0
TX004762,0
TX005299,0
TX004667,0
TX003936,0
TX001376,0
TX002724,0
TX003083,0
TX003888,0
TX000828,0
TX004829,0
TX002879,1
TX004650,0
TX007653,1
TX004201,0
TX001882,0
TX001599,0
TX006268,0
TX000227,0
TX004000,0
TX006713,0
TX006559,0
TX001048,0
TX003610,0
TX001992,0
TX003583,0
TX006104,1
TX001681,0
TX003992,0
TX001267,0
TX004657,0
TX007070,0
TX000448,0
TX006896,0
TX003181,0
TX003699,0
TX007887,0
TX000012,0
TX002431,0
TX001660,0
TX001911,0
TX005350,0
TX002114,0
TX006883,0
TX000563,0
TX007704,0
TX006448,0
TX002644,0
TX002310,0
TX006223,0
TX005026,0
TX003167,0
TX001251,0
TX007396,0
TX003869,0
TX003267,0
TX001422,0
TX001242,0
TX000799,0
TX000792,0
TX003574,0
TX003523,0
TX007493,0
TX006608,0
TX001552,0
TX002705,0
TX000784,0
TX001694,0
TX007496,0
TX005290,0
TX002616,0
TX000088,0
TX007931,0
TX001212,0
TX007189,0
TX001920,0
TX003886,0
TX001210,0
TX002333,0
TX002411,0
TX002654,0
TX000364,0
TX003227,0
TX004913,0
TX003414,0
TX005915,0
TX005991,0
TX003812,0
TX007567,0
TX006672,1
TX005329,0
TX007538,0
TX002067,0
TX001046,0
TX001923,0
TX002814,0
TX006070,0
TX003675,0
TX006007,0
TX003735,0
TX005126,1
TX003894,0
TX000754,1
TX001655,0
TX003164,0
TX001862,0
TX001410,0
TX005493,0
TX001455,0
TX006862,0
TX000408,0
TX001702,0
TX002511,0
TX004097,0
TX007574,0
TX004873,0
TX006465,0
TX003930,0
TX004152,0
TX003927,0
TX004884,0
TX004243,0
TX000154,0
TX004596,0
TX004109,0
TX002615,0
TX000435,0
TX006023,0
TX007634,0
TX007959,0
TX004869,0
TX002334,0
TX007016,0
TX001475,0
TX006999,0
TX005003,0
TX002770,0
TX006931,0
TX001915,0
TX005110,0
TX004864,0
TX005817,0
TX007840,0
TX004438,0
TX004084,0
TX004429,1
TX000458,0
TX006964,0
TX003917,0
TX001053,0
TX006371,0
TX003543,0
TX004009,0
TX006320,1
TX005102,0
TX003113,0
TX000669,0
TX003624,0
TX001272,0
TX000243,0
TX002679,0
TX007276,0
TX005614,0
TX006700,0
TX003481,0
TX003398,0
TX004517,0
TX004715,0
TX004341,0
TX005091,0
TX004793,0
TX004910,0
TX001204,0
TX004510,0
TX000632,0
TX004984,0
TX006691,0
TX007986,0
TX004861,0
TX004998,0
TX001753,1
TX006035,0
TX001567,0
TX002869,0
TX004528,0
TX007661,0
TX000833,0
TX006614,0
TX001421,0
TX001042,0
TX004557,0
TX007014,0
TX001306,0
TX002924,0
TX002136,0
TX005794,0
TX004983,0
TX001352,0
TX002393,0
TX001398,0
TX006941,0
TX002162,0
TX002626,0
TX006797,0
TX001959,0
TX000098,0
TX004753,0
TX002124,0
TX002888,0
TX001518,0
TX006005,0
TX002761,0
TX004012,0
TX005628,0
TX000124,0
TX003569,0
TX006564,0
TX003709,0
TX002587,0
TX001071,0
TX000937,1
TX000615,0
TX001801,0
TX005722,0
TX000870,0
TX005232,0
TX004746,0
TX004555,0
TX001967,1
TX006036,0
TX001711,1
TX005390,0
TX006314,0
TX005191,0
TX005798,0
TX007282,0
TX006991,0
TX003786,0
TX001598,0
TX005154,0
TX002064,0
TX005538,0
TX001341,0
TX000639,0
TX006735,0
TX002525,0
TX007614,0
TX005513,0
TX003263,0
TX007730,0
TX003369,1
TX003769,1
TX004394,0
TX001822,0
TX007479,0
TX003075,0
TX003124,0
TX006278,0
TX000625,0
TX005053,0
TX002798,0
TX007794,0
TX000352,0
TX000033,0
TX002657,0
TX007640,0
TX002650,0
TX000958,0
TX001669,0
TX002317,0
TX005044,0
TX000104,0
TX003701,0
TX006100,0
TX003804,0
TX001958,0
TX001898,0
TX007171,0
TX007599,0
TX002442,0
TX003747,0
TX003739,0
TX004713,0
TX007224,0
TX000577,0
TX005911,0
TX000371,0
TX001793,0
TX000807,0
TX003863,0
TX002482,0
TX004508,0
TX000147,0
TX001954,0
TX007848,0
TX000122,0
TX000935,0
TX000520,0
TX004345,0
TX005632,0
TX005871,0
TX004648,0
TX006298,1
TX005500,1
TX000465,1
TX003725,0
TX005536,0
TX004331,0
TX004200,0
TX007081,0
TX004788,0
TX005821,0
TX003068,0
TX004183,1
TX007774,0
TX002101,0
TX001545,0
TX000223,0
TX004785,0
TX005758,0
TX000757,0
TX000472,0
TX001457,1
TX001843,0
TX000810,0
TX003876,0
TX004937,1
TX002313,0
TX006012,0
TX003054,0
TX003921,0
TX006946,0
TX001966,0
TX001003,0
TX002876,0
TX005204,0
TX000700,0
TX000016,0
TX005265,0
TX001481,1
TX000302,0
TX002288,0
TX003790,0
TX001439,1
TX002998,0
TX000489,0
TX005301,0
TX002456,0
TX003666,1
TX006198,0
TX003014,0
TX003378,0
TX004947,0
TX005422,0
TX001910,0
TX000450,0
TX000394,0
TX005195,1
TX001068,0
TX007720,0
TX004310,0
TX004215,0
TX001396,0
TX005252,0
TX000765,0
TX001896,0
TX003824,0
TX002447,0
TX000142,0
TX000748,0
TX002290,0
TX000197,0
TX001809,0
TX004978,0
TX007518,0
TX004067,0
TX002863,0
TX000774,0
TX001595,0
TX005898,0
TX006037,0
TX000789,0
TX004512,0
TX003875,0
TX002122,0
TX001561,0
TX003857,0
TX000296,0
TX007265,0
TX006963,0
TX000809,0
TX000036,0
TX005291,0
TX002061,0
TX003655,0
TX000775,0
TX002152,0
TX006413,0
TX007696,0
TX002714,0
TX007622,0
TX002735,0
TX001679,0
TX000278,0
TX000642,0
TX002607,0
TX005593,0
TX003799,0
TX003071,0
TX006935,0
TX004606,0
TX005960,0
TX006131,0
TX001558,0
TX001424,0
TX006787,0
TX001253,0
TX007446,0
TX004492,0
TX001360,1
TX007160,0
TX002229,0
TX004052,0
TX002420,0
TX004769,0
TX003800,0
TX005213,0
TX000217,0
TX005954,0
TX004607,0
TX001098,0
TX007197,0
TX003678,0
TX006208,0
TX000063,0
TX003517,0
TX006122,0
TX002029,0
TX004801,0
TX004949,0
TX004872,0
TX004541,0
TX003760,1
TX001766,0
TX003490,0
TX007586,0
TX005728,1
TX005773,0
TX002046,0
TX007348,0
TX005965,0
TX004671,0
TX007093,0
TX006556,0
TX006342,0
TX002369,0
TX007284,0
TX003531,0
TX004258,0
TX005019,0
TX004367,0
TX007091,0
TX003644,0
TX000081,0
TX000969,0
TX001100,0
TX001638,0
TX001526,1
TX007771,0
TX004247,0
TX002027,0
TX005866,0
TX002076,0
TX005002,0
TX003121,0
TX000661,0
TX006676,0
TX007192,0
TX002914,0
TX004585,0
TX004136,0
TX002172,0
TX003966,0
TX002913,0
TX001607,0
TX005340,0
TX002738,0
TX002286,0
TX000533,0
TX004340,0
TX001908,0
TX000504,0
TX001231,1
TX001018,0
TX002142,0
TX003477,0
TX007269,0
TX005891,0
TX004919,0
TX002973,0
TX003841,0
TX005985,0
TX006988,0
TX007925,0
TX007267,0
TX007063,0
TX002159,0
TX000871,0
TX000906,0
TX005445,0
TX006318,0
TX002533,0
TX001136,0
TX002698,0
TX004822,0
TX005505,1
TX001511,0
TX001148,0
TX001856,0
TX002779,0
TX004248,0
TX001838,0
TX006255,0
TX005304,0
TX002632,0
TX006709,0
TX007682,0
TX007263,0
TX006643,0
TX000708,0
TX003304,0
TX006777,0
TX007617,0
TX007274,0
TX006092,0
TX007098,0
TX005238,0
TX001677,0
TX003616,0
TX006615,0
TX005065,0
TX004525,0
TX000172,0
TX005481,0
TX007515,0
TX004663,0
TX004283,0
TX007042,0
TX003035,0
TX000815,0
TX007306,0
TX000899,0
TX002243,0
TX007088,0
TX003259,0
TX006220,0
TX003198,0
TX003960,0
TX006263,0
TX003692,0
TX001912,0
TX007062,0
TX007372,0
TX001190,1
TX003956,0
TX005715,0
TX005889,0
TX002848,0
TX002702,0
TX001517,0
TX000648,0
TX001119,0
TX001821,0
TX005209,0
TX005492,0
TX000900,0
TX004133,0
TX004122,0
TX003761,0
TX000724,0
TX002336,0
TX005992,0
TX001189,0
TX002280,0
TX004228,0
TX004266,0
TX005582,0
TX007665,0
TX004626,0
TX004631,0
TX000366,0
TX003476,0
TX002693,0
TX004196,0
TX001612,0
TX006308,0
TX007096,0
TX000040,0
TX002504,0
TX007588,0
TX005113,0
TX001727,0
TX001651,1
TX001111,0
TX005234,0
TX002532,0
TX005296,0
TX004032,0
TX006094,0
TX001932,0
TX007410,0
TX003577,0
TX007334,0
TX004970,0
TX002081,0
TX000222,0
TX005553,0
TX005711,0
TX000928,0
TX007564,0
TX000398,0
TX006020,0
TX005782,0
TX006557,0
TX002335,0
TX004211,0
TX005984,0
TX000613,0
TX003871,0
TX006162,0
TX004614,1
TX002834,0
TX007002,0
TX000304,0
TX001290,0
TX004722,0
TX001918,0
TX005906,0
TX001729,0
TX006612,0
TX003291,0
TX000242,1
TX001718,0
TX007523,0
TX007507,0
TX003680,0
TX000477,1
TX003840,0
TX000226,0
TX006381,0
TX000962,1
TX000083,0
TX002793,0
TX007813,0
TX007188,0
TX006775,0
TX000735,1
TX003773,0
TX006611,0
TX007437,0
TX007144,1
TX004108,0
TX007957,0
TX007393,0
TX001099,0
TX002934,0
TX004142,0
TX001798,0
TX003189,0
TX004296,0
TX000803,0
TX002397,0
TX002177,0
TX005941,0
TX006722,0
TX007817,0
TX007652,0
TX000890,0
TX002471,0
TX003117,0
TX006259,0
TX007015,0
TX000158,0
TX007920,0
TX002340,0
TX003341,0
TX005417,0
TX003562,0
TX004941,0
TX001203,0
TX002957,1
TX004017,1
TX000018,0
TX006107,0
TX006391,0
TX002600,0
TX007051,0
TX003362,0
TX003070,0
TX003873,0
TX000829,0
TX004897,0
TX006625,0
TX006148,0
TX003986,0
TX003456,0
TX005200,0
TX006791,0
TX005569,0
TX005704,1
TX002742,0
TX005359,0
TX005713,0
TX005211,1
TX002379,0
TX002287,0
TX006969,0
TX002906,0
TX007319,0
TX006246,0
TX007866,0
TX005660,0
TX005146,0
TX005533,0
TX005587,0
TX005836,0
TX004860,1
TX002257,0
TX000687,0
TX004687,0
TX002625,0
TX003017,0
TX003186,0
TX006634,0
TX005106,0
TX000239,0
TX006155,0
TX004966,0
TX000233,0
TX001296,0
TX004656,0
TX007368,0
TX007897,0
TX005067,0
TX004628,0
TX000443,0
TX006992,0
TX004595,0
TX006786,0
TX005145,0
TX004456,0
TX003347,0
TX003803,1
TX001408,0
TX002395,0
TX001013,0
TX004086,0
TX004337,0
TX006049,1
TX001983,0
TX007183,0
TX001278,1
TX001997,0
TX002234,1
TX007833,0
TX006547,0
TX007791,0
TX001168,0
TX003965,0
TX007212,0
TX004096,0
TX007473,0
TX007354,0
TX007408,0
TX007799,0
TX002608,0
TX003248,0
TX006516,0
TX004945,0
TX003042,0
TX006127,0
TX001109,1
TX000556,0
TX003581,0
TX003977,0
TX003211,0
TX006335,0
TX006358,0
TX007039,0
TX006743,0
TX006816,0
TX006450,0
TX007949,0
TX004642,0
TX002969,1
TX001221,0
TX001479,0
TX001486,0
TX002041,0
TX007608,0
TX006168,1
TX000490,0
TX003667,0
TX004004,0
TX005693,0
TX007650,0
TX000030,0
TX006732,0
TX003520,0
TX003935,0
TX002058,1
TX005287,0
TX005183,0
TX005295,0
TX004830,0
TX000280,0
TX005918,0
TX001512,0
TX001605,0
TX001073,0
TX003387,0
TX007068,0
TX001894,1
TX006835,0
TX006406,1
TX004532,0
TX007904,0
TX000363,0
TX001701,0
TX000666,0
TX004119,0
TX000910,0
TX003859,1
TX001630,0
TX007112,0
TX000915,0
TX000538,0
TX001504,0
TX002609,0
TX007609,0
TX007854,0
TX001064,0
TX004584,0
TX007812,0
TX003133,0
TX002670,0
TX004996,0
TX000771,0
TX003129,0
TX000119,0
TX003232,0
TX000056,0
TX005007,0
TX000676,0
TX001763,0
TX005470,0
TX000588,0
TX007200,0
TX005617,0
TX006871,0
TX003551,0
TX004964,0
TX002396,0
TX006792,0
TX004858,0
TX005696,0
TX000267,0
TX001562,0
TX004820,0
TX004986,0
TX005599,0
TX004777,1
TX000446,0
TX004213,0
TX006575,0
TX007673,0
TX004513,1
TX001704,0
TX004218,0
TX004882,0
TX005135,0
TX006033,0
TX007249,0
TX001124,0
TX003018,0
TX003717,0
TX004181,0
TX006680,0
TX004083,1
TX003892,0
TX002377,0
TX006315,0
TX007131,0
TX003322,0
TX002404,0
TX001889,0
TX003997,0
TX001414,0
TX006271,0
TX001250,0
TX001646,0
TX000392,0
TX003689,0
TX001797,0
TX005032,0
TX004675,0
TX007477,0
TX002651,0
TX007412,0
TX004691,0
TX005149,0
TX003838,0
TX007820,0
TX002118,1
TX006227,0
TX005169,0
TX002400,1
TX006851,0
TX006525,0
TX004388,0
TX002116,0
TX001152,0
TX004728,0
TX001197,0
TX003771,0
TX006745,0
TX000038,0
TX004175,0
TX002212,0
TX004461,0
TX007095,0
TX003521,0
TX005770,0
TX002859,0
TX007360,0
TX000240,0
TX003834,0
TX007331,0
TX006551,0
TX000876,0
TX001732,0
TX003532,0
TX004948,0
TX007825,0
TX002263,0
TX003087,0
TX003658,0
TX000318,0
TX004186,0
TX005194,0
TX000918,0
TX005800,0
TX000675,0
TX007525,0
TX003718,0
TX003437,0
TX006829,1
TX006186,0
TX000501,0
TX004933,0
TX002740,0
TX004390,0
TX005125,0
TX003112,0
TX006725,0
TX007422,0
TX003603,0
TX005347,0
TX001233,0
TX006301,0
TX002256,0
TX000696,0
TX004464,0
TX004759,0
TX004559,0
TX007333,0
TX000762,0
TX005012,0
TX004778,0
TX004764,0
TX002009,0
TX007315,0
TX006762,0
TX007345,0
TX007320,1
TX004929,0
TX004322,0
TX005063,0
TX006489,0
TX003335,0
TX000459,0
TX006319,0
TX006977,0
TX001618,1
TX005622,0
TX005042,0
TX001235,0
TX003099,0
TX000552,0
TX005818,0
TX000092,0
TX006990,0
TX005987,0
TX002592,1
TX007688,0
TX000923,0
TX001434,0
TX006461,0
TX006176,0
TX002645,0
TX004989,0
TX001731,0
TX004435,0
TX000658,0
TX003958,0
TX006690,0
TX000422,0
TX007607,0
TX004254,0
TX006877,0
TX006457,0
TX003765,0
TX002832,0
TX003382,0
TX006781,1
TX005525,0
TX004874,0
TX002870,0
TX007941,0
TX003311,0
TX004338,1
TX000162,0
TX000854,0
TX004282,0
TX006432,0
TX006928,0
TX004277,0
TX001445,0
TX005004,0
TX005681,0
TX007187,0
TX005510,0
TX003601,0
TX002474,0
TX005528,0
TX004446,0
TX000409,0
TX001067,0
TX001139,0
TX002301,0
TX005749,0
TX003323,0
TX002508,0
TX004146,0
TX005322,0
TX000860,0
TX002218,0
TX000283,0
TX002659,0
TX007862,0
TX003313,0
TX000736,0
TX001594,0
TX001232,0
TX007806,0
TX003182,0
TX002416,1
TX000569,1
TX007879,0
TX001427,1
TX000049,0
TX007165,1
TX004339,0
TX005228,0
TX007973,0
TX000917,0
TX004387,0
TX000293,0
TX007373,0
TX005404,0
TX005020,0
TX001498,0
TX005378,0
TX000456,0
TX001550,1
TX001802,0
TX005695,0
TX004499,0
TX005438,0
TX002318,0
TX004440,0
TX004564,0
TX005452,0
TX000891,0
TX000118,0
TX001616,0
TX002983,0
TX002394,0
TX000001,0
TX004342,0
TX001578,0
TX005613,0
TX000062,0
TX004089,0
TX005486,1
TX002374,0
TX007815,1
TX003237,0
TX004515,0
TX000106,0
TX007287,0
TX007744,1
TX007919,0
TX001358,0
TX005905,0
TX003770,1
TX001611,0
TX006925,0
TX000349,0
TX006456,0
TX002093,0
TX001012,0
TX002102,0
TX005283,0
TX005382,0
TX001572,0
TX001125,0
TX003217,0
TX000506,0
TX001761,0
TX003504,0
TX005476,0
TX003493,0
TX003940,0
TX007838,0
TX006646,0
TX007539,0
TX006165,0
TX007954,0
TX004466,0
TX004291,0
TX005831,0
TX005825,0
TX002833,0
TX005645,0
TX007495,0
TX002418,0
TX007944,0
TX007534,0
TX003156,0
TX005040,0
TX001945,0
TX001818,0
TX000606,0
TX007085,0
TX003811,0
TX001307,0
TX006333,0
TX005834,0
TX000925,0
TX007215,0
TX003751,0
TX002033,0
TX006344,0
TX002323,0
TX006886,0
TX006488,0
TX001280,0
TX003231,0
TX003210,0
TX003201,0
TX003664,0
TX000701,0
TX005734,0
TX005518,0
TX002362,0
TX000055,0
TX007842,0
TX006245,0
TX006759,0
TX003448,0
TX007226,0
TX004267,0
TX002950,0
TX004008,0
TX004739,0
TX005189,0
TX001520,0
TX006760,0
TX000843,0
TX000152,0
TX000015,0
TX007786,0
TX001383,0
TX002549,0
TX002589,0
TX003608,0
TX000523,0
TX003365,0
TX007935,0
TX001077,0
TX006980,0
TX003002,0
TX001613,0
TX000732,0
TX006294,0
TX004040,0
TX000525,0
TX005606,0
TX001258,0
TX006948,0
TX004673,1
TX004641,0
TX004953,0
TX003925,0
TX003514,0
TX001955,0
TX003373,0
TX003923,0
TX001876,0
TX002147,0
TX005973,0
TX005557,0
TX000269,0
TX006662,1
TX001667,0
TX005412,0
TX007987,0
TX004035,0
TX002553,0
TX002088,0
TX000399,0
TX004730,0
TX000837,0
TX004317,0
TX007565,0
TX003252,0
TX000075,0
TX003832,0
TX002562,0
TX001223,0
TX000427,0
TX006637,0
TX005443,1
TX001286,0
TX005435,1
TX001113,0
TX002893,1
TX004092,0
TX004773,0
TX006818,0
TX003534,0
TX002757,0
TX006585,0
TX006363,0
TX002321,0
TX000756,0
TX004527,0
TX000904,1
TX004507,0
TX002613,0
TX003565,0
TX007966,0
TX006144,0
TX002303,0
TX006350,0
TX001603,0
TX005111,0
TX000921,0
TX004059,0
TX005635,0
TX003898,0
TX004920,1
TX006631,0
TX007631,0
TX003981,0
TX007355,0
TX007266,0
TX006218,1
TX004735,0
TX005223,0
TX006924,0
TX002002,0
TX006930,0
TX000681,0
TX003249,0
TX002210,0
TX003784,0
TX006708,0
TX007460,0
TX001484,0
TX003052,0
TX001033,0
TX000697,0
TX006243,0
TX006715,0
TX003384,0
TX003484,0
TX003969,0
TX001953,0
TX003690,0
TX001155,0
TX003372,0
TX003041,0
TX004302,1
TX006193,0
TX006408,0
TX001752,0
TX003228,0
TX003385,1
TX005266,0
TX005206,0
TX003889,0
TX001011,0
TX003433,0
TX000273,0
TX004180,0
TX007491,0
TX004723,1
TX004326,0
TX000823,0
TX001899,0
TX002522,0
TX000377,0
TX001417,0
TX003649,0
TX007077,1
TX005488,0
TX006901,0
TX007850,0
TX001088,0
TX005173,0
TX004567,0
TX001104,0
TX006670,0
TX005858,1
TX002117,0
TX004956,0
TX006832,0
TX001165,0
TX003617,0
TX005548,0
TX003065,0
TX000441,0
TX006075,0
TX007405,0
TX002107,0
TX003714,0
TX007761,0
TX000168,0
TX003411,0
TX001864,1
TX000532,0
TX006863,0
TX001800,0
TX003479,0
TX005274,0
TX001302,0
TX000741,0
TX005643,0
TX003627,1
TX006724,0
TX003742,0
TX000985,0
TX000374,0
TX005153,0
TX002014,1
TX003525,0
TX005913,0
TX007230,0
TX003408,0
TX000249,0
TX004683,0
TX003266,0
TX004963,0
TX007231,0
TX000727,0
TX000961,0
TX003606,0
TX006997,0
TX005037,0
TX001998,0
TX007219,0
TX000413,0
TX005423,0
TX000960,0
TX006824,0
TX004271,0
TX003768,0
TX000182,0
TX001965,0
TX006506,0
TX002040,0
TX004157,0
TX006748,0
TX001716,0
TX001153,0
TX002129,0
TX005766,1
TX006217,0
TX007739,0
TX007158,0
TX006266,0
TX000234,0
TX005140,0
TX004179,0
TX002502,0
TX003487,0
TX001335,0
TX007942,0
TX001779,0
TX000006,0
TX005097,0
TX003334,0
TX005663,0
TX006619,0
TX004148,1
TX002363,1
TX002815,0
TX006519,0
TX003223,0
TX003793,0
TX000390,0
TX000546,0
TX007734,0
TX007452,0
TX002326,0
TX003086,0
TX007347,0
TX000886,0
TX003202,0
TX000919,0
TX007802,0
TX003474,0
TX007279,0
TX005550,0
TX006181,0
TX007394,0
TX005797,0
TX001283,0
TX003458,0
TX005579,0
TX001163,0
TX005399,0
TX006793,0
TX001513,0
TX006138,0
TX000496,0
TX006184,0
TX002489,0
TX001501,0
TX002209,0
TX003278,0
TX002568,0
TX001574,0
TX007294,0
TX005789,0
TX001685,0
TX004046,0
TX006623,0
TX001735,0
TX003250,0
TX006934,0
TX002661,0
TX007947,0
TX006622,0
TX004432,0
TX005236,0
TX000103,0
TX002289,0
TX005508,0
TX001540,0
TX007203,0
TX007268,0
TX003720,0
TX002536,0
TX003672,0
TX001952,0
TX006397,0
TX005401,0
TX002634,0
TX004166,0
TX002852,0
TX007550,0
TX002145,0
TX006528,0
TX003463,0
TX005163,0
TX000064,0
TX004379,0
TX002433,0
TX007654,0
TX002089,0
TX006668,0
TX006015,0
TX001623,0
TX005639,1
TX006324,0
TX006219,0
TX001305,0
TX006017,0
TX005055,0
TX001002,0
TX006470,0
TX007596,0
TX000907,0
TX005029,1
TX002805,0
TX001059,0
TX006687,0
TX004203,0
TX002595,0
TX006534,0
TX005105,0
TX003003,0
TX007852,0
TX004825,0
TX000693,0
TX006476,0
TX004036,0
TX005977,0
TX001721,0
TX004827,0
TX006018,0
TX007933,0
TX002960,0
TX002547,0
TX004992,1
TX000711,0
TX003194,0
TX007624,0
TX005894,0
TX004208,0
TX004477,0
TX004625,0
TX004604,0
TX003375,0
TX001488,0
TX006861,0
TX005420,0
TX006749,0
TX002611,0
TX005308,0
TX001742,0
TX004250,0
TX003634,0
TX000605,0
TX000551,1
TX006410,0
TX006062,0
TX004965,0
TX002312,0
TX004902,0
TX000611,0
TX006740,0
TX007214,0
TX005685,0
TX005611,0
TX000842,0
TX001877,0
TX002296,0
TX005857,0
TX007281,0
TX006533,0
TX001762,0
TX002417,0
TX002410,1
TX003337,1
TX002953,0
TX003134,0
TX000744,0
TX007804,0
TX004708,0
TX000468,0
TX000863,0
TX004134,0
TX005989,0
TX003611,0
TX007707,0
TX007501,0
TX004981,0
TX007406,0
TX002278,0
TX003381,0
TX001444,0
TX000478,0
TX002570,0
TX005448,0
TX004985,0
TX005523,0
TX006258,0
TX001388,0
TX004892,0
TX003451,0
TX001795,0
TX003147,0
TX005592,0
TX007801,0
TX007985,0
TX000424,1
TX007934,0
TX004020,0
TX007741,0
TX002356,0
TX005837,0
TX002807,0
TX007238,0
TX004484,0
TX004068,0
TX005814,0
TX003028,0
TX000643,0
TX006949,0
TX007943,0
TX000814,0
TX006807,0
TX004335,0
TX002908,0
TX007583,0
TX007691,0
TX000022,0
TX004206,0
TX000768,0
TX001294,0
TX006447,0
TX002663,0
TX004720,0
TX004062,0
TX005148,0
TX002560,0
TX000535,1
TX005172,0
TX000712,0
TX003594,0
TX005490,0
TX006943,0
TX007670,0
TX002911,0
TX003482,0
TX004304,0
TX004222,0
TX002786,0
TX005364,0
TX002771,0
TX003774,0
TX000597,0
TX006493,0
TX005561,0
TX004529,0
TX004467,0
TX003597,0
TX002676,0
TX001075,0
TX002648,0
TX003544,0
TX005260,0
TX006771,0
TX001131,0
TX003748,0
TX000619,0
TX000691,0
TX001984,0
TX007222,0
TX005738,0
TX006306,0
TX005254,0
TX003400,0
TX000266,1
TX001884,0
TX001179,0
TX002563,0
TX003916,1
TX001906,0
TX007991,1
TX002484,0
TX005131,1
TX007030,0
TX003473,0
TX000041,0
TX003663,0
TX003178,0
TX006121,0
TX002381,0
TX005305,0
TX001772,0
TX004792,0
TX000820,0
TX005070,0
TX005884,0
TX004056,0
TX001390,1
TX005392,0
TX007108,0
TX007552,0
TX006592,0
TX002402,0
TX006211,0
TX006864,0
TX000469,0
TX004069,0
TX000690,0
TX007257,0
TX002112,0
TX007087,0
TX000571,0
TX007090,0
TX002024,0
TX006105,0
TX002675,0
TX003258,0
TX005439,0
TX002293,0
TX004545,0
TX006536,0
TX005008,0
TX001712,0
TX000368,0
TX002982,0
TX006598,0
TX004030,0
TX001588,1
TX005775,0
TX001191,0
TX007648,0
TX003683,0
TX005796,0
TX006052,0
TX005164,0
TX005955,0
TX002473,0
TX003240,1
TX007028,0
TX006821,0
TX002499,0
TX004085,0
TX007006,0
TX007671,0
TX002766,0
TX002217,0
TX001548,0
TX005853,0
TX003599,0
TX004831,0
TX004924,0
TX002692,0
TX004898,0
TX002179,0
TX005152,0
TX006782,0
TX002214,0
TX006535,0
TX006929,0
TX006161,0
TX006508,0
TX005101,0
TX001787,0
TX006796,0
TX003082,0
TX001266,0
TX006998,0
TX006996,0
TX000549,0
TX004398,0
TX002304,0
TX005478,1
TX007502,0
TX003308,0
TX006402,1
TX006214,0
TX003535,0
TX000246,0
TX007745,0
TX000783,0
TX003557,0
TX003548,0
TX002929,0
TX003944,0
TX001805,0
TX006443,0
TX000281,0
TX007251,0
TX001632,0
TX004905,0
TX000218,0
TX006502,0
TX000849,0
TX003391,0
TX007444,0
TX001566,0
TX002455,0
TX000447,0
TX000372,0
TX007853,0
TX003968,0
TX005532,0
TX000381,0
TX005680,1
TX007067,0
TX000602,0
TX003948,0
TX002720,0
TX002098,0
TX004244,0
TX001604,0
TX000102,0
TX002681,0
TX001079,0
TX001760,1
TX000920,1
TX004506,0
TX001107,0
TX003251,0
TX005278,0
TX001728,0
TX005659,0
TX003549,0
TX001146,0
TX007873,0
TX003029,0
TX007930,0
TX007692,0
TX002591,0
TX000835,0
TX007577,0
TX004888,0
TX002703,0
TX001874,0
TX001823,0
TX001928,0
TX003415,0
TX004621,0
TX001285,0
TX002191,0
TX003983,0
TX000951,0
TX006366,0
TX002045,0
TX005031,0
TX005099,0
TX002037,0
TX000630,0
TX007376,0
TX005051,0
TX007871,0
TX001973,0
TX006957,1
TX004554,0
TX006159,0
TX001720,0
TX007912,0
TX003828,0
TX004583,0
TX004593,0
TX006972,0
TX003261,0
TX007899,0
TX005339,0
TX004806,0
TX001477,0
TX004399,0
TX003359,0
TX002759,0
TX001397,0
TX001215,0
TX001673,0
TX007971,0
TX004301,1
TX003346,0
TX005931,0
TX001960,0
TX000361,0
TX006090,0
TX002962,0
TX000181,1
TX000058,0
TX003796,1
TX004988,0
TX000032,0
TX004718,0
TX000148,0
TX002664,0
TX003030,0
TX005707,0
TX003578,0
TX002577,0
TX004630,0
TX002520,0
TX000580,0
TX005310,0
TX001995,1
TX006640,1
TX004653,0
TX005895,1
TX005730,0
TX003013,0
TX000929,0
TX004488,0
TX005090,0
TX006884,0
TX002993,0
TX002519,1
TX001433,0
TX003852,0
TX007988,0
TX003883,0
TX007678,0
TX000573,0
TX005331,0
TX003361,0
TX001633,1
TX004620,0
TX005416,0
TX006641,1
TX005380,0
TX006369,0
TX006825,0
TX007424,0
TX007888,0
TX004871,0
TX006474,0
TX001436,0
TX005529,0
TX004855,0
TX002787,0
TX004170,0
TX007937,0
TX004676,0
TX001523,1
TX005763,0
TX004057,0
TX001747,0
TX007084,0
TX003900,1
TX006537,0
TX005708,0
TX000005,1
TX004273,0
TX000326,0
TX001854,0
TX006983,0
TX004110,0
TX006785,0
TX004370,0
TX007666,0
TX007308,0
TX004425,0
TX005668,0
TX006452,0
TX007823,0
TX005881,0
TX003428,0
TX001304,0
TX001096,0
TX007191,0
TX007835,0
TX001707,0
TX003641,0
TX002219,0
TX003848,0
TX007556,1
TX006958,0
TX007427,0
TX000677,0
TX005652,0
TX001986,0
TX002673,0
TX002716,0
TX003160,0
TX000295,0
TX004018,0
TX005319,0
TX002672,0
TX001041,0
TX000373,1
TX006235,0
TX006311,0
TX000989,1
TX004842,1
TX003643,0
TX004859,0
TX002445,0
TX005048,0
TX006937,0
TX006284,0
TX004381,0
TX000986,0
TX001468,0
TX000452,0
TX003282,0
TX000908,0
TX000819,0
TX005785,0
TX002976,0
TX005983,0
TX001043,1
TX003139,0
TX001931,0
TX000617,0
TX007710,0
TX001141,0
TX005388,0
TX007035,0
TX000944,0
TX000857,0
TX003753,0
TX001176,0
TX006731,0
TX005740,0
TX000932,0
TX000488,0
TX001893,0
TX004060,0
TX006571,0
TX002617,1
TX003619,0
TX000539,0
TX000224,0
TX002821,0
TX006548,0
TX003807,0
TX006383,0
TX003595,0
TX001339,0
TX007717,0
TX007977,0
TX000707,0
TX003193,0
TX005415,0
TX007572,0
TX004561,0
TX006831,0
TX005338,0
TX007708,0
TX003629,0
TX001105,0
TX000429,1
TX000412,0
TX007494,0
TX002460,0
TX005069,0
TX006189,0
TX000252,0
TX007352,0
TX000515,0
TX007143,0
TX003064,0
TX002178,0
TX002383,0
TX007555,0
TX007146,0
TX005389,0
TX002599,1
TX006661,0
TX006011,0
TX003708,0
TX002328,0
TX007206,0
TX002583,1
TX001459,0
TX000484,0
TX006903,0
TX003636,0
TX001871,0
TX000526,0
TX007384,0
TX002020,0
TX001227,0
TX006076,0
TX001902,0
TX006899,0
TX001159,0
TX001692,0
TX004047,0
TX003665,0
TX005956,1
TX005383,0
TX002188,0
TX005156,0
TX003772,0
TX005949,0
TX000730,0
TX006038,0
TX000761,0
TX006678,0
TX004473,0
TX006965,0
TX003089,0
TX007824,0
TX001857,0
TX006066,0
TX004138,1
TX007576,0
TX004699,0
TX004844,0
TX000604,0
TX003430,0
TX003118,0
TX005650,0
TX007895,0
TX007297,0
TX008000,1
TX006923,0
TX003537,0
TX000850,0
TX003161,0
TX002149,0
TX001228,0
TX000763,0
TX001222,0
TX007889,1
TX002747,0
TX007839,0
TX000138,0
TX002439,0
TX005631,0
TX007568,0
TX003316,0
TX000513,0
TX002501,0
TX004019,0
TX006576,0
TX002044,0
TX007069,0
TX000626,0
TX006120,1
TX003587,0
TX004819,0
TX007223,0
TX000121,0
TX001118,0
TX002635,0
TX003276,0
TX001516,0
TX001365,0
TX001653,0
TX006468,0
TX006303,0
TX003320,0
TX007733,0
TX006050,0
TX006582,0
TX001674,0
TX007332,0
TX004581,0
TX005586,0
TX004182,0
TX002108,0
TX001682,0
TX000665,0
TX003318,0
TX004376,0
TX004838,0
TX006269,0
TX004313,0
TX001020,0
TX003781,0
TX004807,0
TX003244,0
TX007438,0
TX000480,0
TX004587,0
TX000457,0
TX001943,0
TX000139,0
TX002446,0
TX001977,1
TX001325,0
TX006008,1
TX005517,0
TX007700,0
TX006434,0
TX002889,0
TX000536,0
TX001614,0
TX007752,0
TX003475,0
TX006190,1
TX003207,0
TX005182,0
TX007237,0
TX006172,0
TX004421,0
TX006618,0
TX004917,0
TX005720,0
TX004927,0
TX005474,0
TX002320,0
TX001078,0
TX001942,0
TX002198,0
TX006892,0
TX006316,0
TX001568,0
TX005847,1
TX005457,0
TX004137,0
TX000430,0
TX007582,0
TX005634,0
TX002637,0
TX005375,0
TX001807,0
TX001320,0
TX004634,0
TX007953,0
TX004428,0
TX001330,0
TX000292,1
TX004423,0
TX005220,0
TX002687,0
TX001435,0
TX005743,0
TX001759,0
TX003882,0
TX003563,0
TX002339,0
TX007751,0
TX000554,0
TX005610,0
TX002744,0
TX001225,0
TX005414,0
TX002582,0
TX002201,0
TX003743,0
TX004668,0
TX002518,0
TX006971,0
TX002936,0
TX006065,0
TX004007,0
TX001744,0
TX002450,0
TX003879,0
TX003750,0
TX007387,0
TX002062,0
TX005092,1
TX000817,0
TX002468,0
TX004413,0
TX007330,0
TX000066,1
TX004504,0
TX003668,0
TX001726,0
TX001448,0
TX007974,0
TX004679,0
TX001147,0
TX005461,0
TX004644,0
TX005600,0
TX005082,0
TX001045,0
TX001508,0
TX005327,0
TX002885,0
TX000123,0
TX007598,0
TX004890,0
TX005313,1
TX003309,0
TX002610,0
TX005665,0
TX004816,0
TX001442,0
TX006659,0
TX004105,0
TX002792,1
TX000315,0
TX001577,0
TX003206,0
TX004269,0
TX001462,0
TX003659,0
TX005498,1
TX002684,0
TX000524,0
TX007881,0
TX001505,0
TX007065,0
TX003556,0
TX006951,0
TX002874,0
TX007170,0
TX006511,0
TX006872,0
TX007277,0
TX006077,0
TX005623,0
TX000559,0
TX001725,0
TX007363,0
TX002680,0
TX007561,0
TX001051,0
TX004454,0
TX004049,0
TX003999,1
TX002539,0
TX005046,0
TX006063,1
TX003694,0
TX000212,0
TX003646,0
TX005201,0
TX002158,0
TX000174,0
TX006995,0
TX003264,0
TX005081,0
TX007161,0
TX007403,0
TX004245,1
TX007602,0
TX005499,0
TX005655,0
TX002492,0
TX002015,0
TX007540,0
TX007575,0
TX003111,0
TX007106,0
TX001015,0
TX003778,0
TX004863,0
TX002955,0
TX006276,0
TX007225,0
TX004967,0
TX005203,0
TX000333,0
TX007454,0
TX005760,0
TX005544,0
TX000695,0
TX003284,0
TX006947,0
TX001431,0
TX004472,0
TX005174,0
TX006411,0
TX005286,0
TX002305,0
TX004451,0
TX004727,0
TX007416,0
TX001279,0
TX002643,0
TX005842,0
TX007370,1
TX004031,0
TX006164,0
TX005694,0
TX004015,0
TX007480,0
TX005746,0
TX001036,0
TX000796,0
TX006763,0
TX005024,0
TX001556,0
TX000956,0
TX002314,0
TX000667,0
TX001855,0
TX006458,0
TX004912,0
TX007049,0
TX001384,0
TX004408,0
TX004468,0
TX001300,0
TX001254,0
TX002948,0
TX007579,0
TX000093,0
TX005190,0
TX000872,0
TX006471,0
TX006191,0
TX004622,0
TX000608,0
TX006069,0
TX005585,0
TX007891,0
TX001551,0
TX005566,0
TX001404,0
TX007328,0
TX003759,0
TX005759,1
TX006911,0
TX003978,0
TX002872,0
TX001689,0
TX007469,0
TX002096,1
TX003795,0
TX007358,0
TX000341,0
TX001776,0
TX007483,0
TX006293,0
TX002298,0
TX006826,0
TX000405,0
TX000309,0
TX000866,0
TX007089,0
TX004904,0
TX006968,0
TX005638,0
TX001719,0
TX005187,0
TX003449,0
TX007764,0
TX007379,0
TX005039,0
TX002901,0
TX003789,0
TX000594,0
TX005724,0
TX002213,0
TX005323,0
TX006586,0
TX005334,0
TX003647,0
TX000914,0
TX005573,0
TX004198,0
TX005366,0
TX004405,0
TX006478,0
TX005056,0
TX005015,0
TX003818,0
TX006827,0
TX007076,0
TX003447,0
TX005801,0
TX004789,0
TX003085,0
TX002785,0
TX004539,0
TX001500,0
TX001476,0
TX006290,0
TX001355,0
TX003508,0
TX001196,0
TX000440,0
TX003426,0
TX006906,0
TX002871,0
TX000329,0
TX003457,0
TX004014,0
TX003247,0
TX003730,0
TX004129,0
TX006349,0
TX001560,0
TX005934,0
TX002824,0
TX004093,0
TX002264,0
TX006296,1
TX002727,0
TX005575,0
TX007529,0
TX000954,0
TX001784,0
TX000884,0
TX001622,0
TX004346,0
TX003214,0
TX005649,0
TX006986,0
TX003246,0
TX004474,1
TX004238,0
TX005936,0
TX002025,0
TX000021,0
TX002130,0
TX001182,0
TX002907,0
TX006916,1
TX006666,0
TX000943,0
TX003891,0
TX006379,0
TX001927,0
TX007111,0
TX005547,0
TX002689,0
TX000031,0
TX001120,0
TX005609,0
TX000175,0
TX007660,1
TX004378,0
TX004280,0
TX005362,0
TX007318,0
TX002656,0
TX000576,0
TX003623,0
TX006264,0
TX003275,0
TX003093,0
TX001343,0
TX001921,0
TX002384,0
TX005803,0
TX004382,0
TX005346,0
TX001331,0
TX006894,0
TX000019,0
TX001975,0
TX007459,0
TX001257,0
TX007674,0
TX002359,0
TX007592,0
TX002470,0
TX000331,0
TX000323,0
TX006679,0
TX004616,0
TX003947,0
TX000821,0
TX001446,0
TX007743,0
TX005577,0
TX001097,0
TX004763,0
TX006417,0
TX002836,0
TX007233,0
TX005159,0
TX007940,1
TX004132,0
TX002128,0
TX001301,0
TX006451,0
TX001440,0
TX000747,0
TX002401,0
TX004252,0
TX005199,1
TX003638,0
TX005219,0
TX007996,0
TX006054,0
TX004767,0
TX003440,0
TX001217,0
TX007785,0
TX002137,0
TX002429,0
TX004352,0
TX002267,0
TX007549,0
TX001714,0
TX001994,0
TX002895,1
TX007982,0
TX001930,0
TX002283,0
TX000338,0
TX006794,0
TX002465,1
TX001354,0
TX005225,0
TX006047,0
TX000271,0
TX002571,0
TX004636,0
TX004418,0
TX003143,0
TX005151,0
TX005186,0
TX005570,0
TX005503,1
TX004696,1
TX001782,0
TX003073,1
TX000411,0
TX001123,1
TX006042,0
TX001216,0
TX002297,0
TX007056,0
TX000541,0
TX007890,0
TX002777,0
TX004706,0
TX004088,0
TX006445,0
TX007724,0
TX003979,0
TX000800,0
TX000824,0
TX005255,0
TX003163,0
TX004158,0
TX007260,0
TX005725,0
TX006403,0
TX002091,0
TX002849,0
TX004603,0
TX005214,0
TX003728,0
TX000655,0
TX005095,0
TX007560,0
TX000566,0
TX001480,0
TX000963,0
TX002453,0
TX006427,0
TX007003,0
TX006438,1
TX002451,0
TX006021,1
TX001569,0
TX001968,1
TX003180,0
TX006874,1
TX004546,0
TX002830,0
TX003711,0
TX006332,0
TX007025,0
TX003343,0
TX000973,0
TX003159,0
TX003224,0
TX006446,0
TX000941,0
TX001608,0
TX004950,0
TX004624,0
TX003153,0
TX005962,0
TX002806,0
TX000703,0
TX006477,0
TX006014,1
TX001861,0
TX004866,0
TX006340,1
TX007234,0
TX004005,0
TX004879,0
TX007140,0
TX006846,0
TX004419,0
TX001710,1
TX002530,0
TX007007,0
TX002500,0
TX000570,0
TX001303,0
TX006372,0
TX002843,0
TX007177,0
TX000037,0
TX001128,0
TX003918,0
TX007962,0
TX001387,0
TX004114,0
TX003540,1
TX004886,0
TX003661,0
TX002459,0
TX006328,0
TX003976,0
TX002827,0
TX007765,0
TX000939,0
TX000449,0
TX006467,0
TX003389,0
TX006630,1
TX000583,0
TX007867,0
TX001329,0
TX004490,0
TX006034,0
TX000130,0
TX005424,0
TX001246,0
TX001093,0
TX000516,0
TX001198,0
TX006671,0
TX007229,0
TX000781,0
TX004154,0
TX003173,0
TX006823,0
TX003332,0
TX001181,0
TX002086,0
TX003953,0
TX000265,0
TX006778,0
TX003100,0
TX005971,0
TX005539,0
TX007593,0
TX002660,0
TX005963,0
TX000303,0
TX002184,0
TX000786,0
TX003815,0
TX006570,0
TX003919,0
TX001395,0
TX005049,0
TX001345,0
TX001321,0
TX007397,0
TX004519,1
TX003410,0
TX005436,0
TX003926,0
TX002809,0
TX000723,0
TX000200,0
TX005147,0
TX004526,0
TX005584,0
TX007742,0
TX006233,0
TX003174,0
TX006627,0
TX005705,0
TX003561,0
TX004957,0
TX006158,0
TX000922,0
TX004324,0
TX003464,0
TX002196,1
TX003572,0
TX003489,0
TX001382,0
TX002903,0
TX005856,0
TX003633,0
TX007184,0
TX002753,0
TX002072,0
TX003036,0
TX002435,0
TX005271,0
TX003850,0
TX006277,0
TX003269,0
TX003072,0
TX005901,0
TX006136,0
TX006442,1
TX001733,0
TX003620,0
TX006407,0
TX007951,0
TX006699,0
TX004417,0
TX007725,0
TX006868,0
TX003860,0
TX005838,0
TX005064,0
TX006817,0
TX001606,0
TX002110,0
TX007537,0
TX000065,0
TX007449,0
TX003229,0
TX004410,0
TX003048,0
TX005497,0
TX006286,0
TX002931,0
TX001318,0
TX001201,0
TX006828,0
TX002733,0
TX001121,0
TX002904,0
TX005993,0
TX000894,1
TX001116,0
TX003268,0
TX002399,0
TX001541,1
TX003006,0
TX006601,0
TX006084,0
TX001362,0
TX001592,0
TX000287,0
TX002665,0
TX002937,0
TX002900,0
TX002105,0
TX005297,0
TX007845,0
TX006469,0
TX002035,0
TX001670,0
TX003622,0
TX006275,1
TX005598,0
TX000029,0
TX007339,0
TX002146,0
TX002612,0
TX004353,0
TX003890,0
TX000380,0
TX001009,0
TX005014,0
TX000438,0
TX006889,0
TX006784,0
TX000203,0
TX003495,0
TX004284,0
TX002758,0
TX002361,0
TX002022,0
TX004242,0
TX000565,0
TX000419,0
TX000555,0
TX007796,0
TX003446,0
TX000591,1
TX001846,0
TX001363,0
TX003288,0
TX003169,0
TX001547,0
TX003820,0
TX005351,0
TX007485,0
TX007809,0
TX005688,0
TX000582,0
TX000844,0
TX003496,0
TX003432,0
TX004734,0
TX004833,0
TX003819,0
TX000845,0
TX006657,0
TX006910,1
TX006352,0
TX000228,0
TX004700,0
TX001076,0
TX001535,1
TX006584,0
TX000485,0
TX004384,0
TX005923,0
TX004955,0
TX007894,0
TX003300,0
TX004224,0
TX006222,0
TX004042,1
TX004058,0
TX005699,0
TX001249,0
TX006133,0
TX004936,0
TX001000,0
TX004601,0
TX007711,0
TX001859,0
TX006515,0
TX005441,0
TX003510,0
TX000479,0
TX006056,0
TX004503,0
TX005701,0
TX003200,0
TX002713,0
TX006420,0
TX002542,0
TX000742,0
TX005355,0
TX005739,0
TX002160,0
TX002487,0
TX002148,0
TX005408,0
TX001028,0
TX000336,0
TX007398,0
TX003861,0
TX006757,0
TX004025,0
TX000846,0
TX002268,0
TX006356,0
TX003991,0
TX000165,0
TX007119,0
TX006197,1
TX007636,0
TX006774,0
TX002596,0
TX000950,1
TX000672,0
TX006209,0
TX004327,0
TX005750,0
TX002938,1
TX000310,0
TX003598,0
TX001634,0
TX000100,0
TX002631,0
TX005168,0
TX005257,0
TX000196,0
TX003238,0
TX000187,0
TX000039,0
TX001184,0
TX006510,0
TX007115,0
TX005367,0
TX001188,0
TX004790,0
TX002392,0
TX006307,0
TX004294,0
TX002707,0
TX007511,0
TX007031,0
TX006254,1
TX004443,0
TX001990,0
TX000794,0
TX003001,0
TX000330,0
TX001234,0
TX001248,0
TX004736,0
TX000346,0
TX005068,0
TX000321,0
TX003642,0
TX003744,0
TX001648,0
TX006655,0
TX005258,0
TX007644,0
TX001463,0
TX007086,0
TX002497,0
TX007074,0
TX003290,0
TX006437,0
TX004745,0
TX006602,0
TX003076,0
TX007610,0
TX006419,1
TX001052,0
TX002495,0
TX004848,0
TX006359,0
TX003162,0
TX003974,0
TX004263,0
TX004738,0
TX003296,0
TX005945,0
TX003932,0
TX004638,0
TX003640,0
TX001106,0
TX002165,0
TX006605,0
TX005986,0
TX000645,0
TX004705,0
TX004190,0
TX006741,0
TX004922,1
TX003149,0
TX003497,0
TX002048,1
TX001949,0
TX001023,0
TX000830,0
TX004639,0
TX001135,0
TX007859,0
TX005669,0
TX007262,1
TX001491,0
TX003660,0
TX005395,0
TX007060,0
TX003188,0
TX000116,0
TX007686,0
TX000875,0
TX006878,0
TX006728,0
TX006733,0
TX006569,0
TX005828,0
TX005094,0
TX002387,0
TX000335,0
TX000851,0
TX000144,0
TX006013,0
TX000861,0
TX000647,0
TX004171,0
TX001746,0
TX007484,0
TX001903,0
TX001288,0
TX003110,0
TX004521,0
TX002042,0
TX001359,0
TX000831,0
TX005744,0
TX005551,0
TX005929,0
TX005816,0
TX004862,0
TX000111,0
TX004131,0
TX000073,1
TX006482,0
TX007970,0
TX003270,0
TX003367,0
TX001836,0
TX006720,0
TX006444,0
TX004027,0
TX006574,0
TX002754,0
TX006858,0
TX003853,0
TX006561,0
TX001576,0
TX000133,0
TX005997,1
TX007465,0
TX001813,0
TX003438,0
TX004765,0
TX004309,1
TX000129,0
TX007663,0
TX000262,0
TX000793,0
TX003170,0
TX006399,0
TX006433,0
TX004805,0
TX002007,0
TX007359,0
TX002509,0
TX004808,0
TX000596,0
TX005762,0
TX000261,0
TX006843,1
TX002580,0
TX007668,0
TX000324,0
TX002917,0
TX000585,0
TX003078,0
TX007464,0
TX001827,0
TX007763,0
TX001666,0
TX005175,0
TX001672,0
TX003582,0
TX004939,0
TX004568,0
TX000300,0
TX002857,0
TX001322,0
TX001978,0
TX007298,0
TX007807,0
TX000316,0
TX000968,1
TX006484,0
TX002995,1
TX006376,0
TX002868,0
TX007386,0
TX002980,0
TX007443,0
TX006674,0
TX004318,1
TX003056,0
TX007487,0
TX007155,0
TX003865,0
TX005692,0
TX002686,0
TX002984,0
TX005607,0
TX000982,0
TX005226,0
TX006620,0
TX004442,0
TX002166,0
TX007109,0
TX006950,1
TX003349,0
TX005767,0
TX005057,0
TX007010,0
TX007514,0
TX007054,0
TX003294,0
TX001467,0
TX003136,0
TX004274,0
TX006048,0
TX003023,0
TX004537,0
TX005316,0
TX007083,0
TX006430,0
TX000237,0
TX004766,0
TX005674,0
TX006610,0
TX001546,0
TX006237,0
TX000445,0
TX005712,0
TX005806,0
TX005043,0
TX005115,0
TX000007,0
TX003241,0
TX006579,0
TX005974,0
TX006801,0
TX005752,0
TX004813,0
TX007053,0
TX004163,0
TX006989,0
TX006847,0
TX003192,0
TX001469,0
TX007619,0
TX001591,0
TX005658,0
TX001883,0
TX007221,0
TX002316,0
TX002884,0
TX001255,0
TX005447,0
TX005939,0
TX005524,0
TX005484,0
TX002186,0
TX007821,0
TX007101,0
TX004006,0
TX004189,0
TX007746,0
TX003141,0
TX001860,0
TX006032,0
TX004772,0
TX000451,0
TX002769,0
TX000084,0
TX002620,0
TX005809,1
TX003015,0
TX003733,0
TX004480,0
TX001537,1
TX000311,0
TX000308,0
TX001264,0
TX002171,0
TX003245,0
TX005444,0
TX007677,0
TX003835,0
TX005896,0
TX007064,0
TX002746,0
TX003084,0
TX001026,0
TX006360,0
TX007958,0
TX002240,0
TX006080,1
TX000404,0
TX000885,1
TX003352,0
TX006256,0
TX007218,0
TX006099,0
TX002725,0
TX002839,0
TX006926,0
TX003081,0
TX000391,1
TX006698,0
TX005227,0
TX005456,0
TX000924,0
TX000864,0
TX003808,0
TX002556,0
TX000301,0
TX000912,0
TX003716,1
TX007256,0
TX005491,0
TX000476,0
TX002842,0
TX001407,0
TX002241,0
TX001367,0
TX000286,0
TX000164,0
TX001213,0
TX003874,0
TX001287,0
TX003265,0
TX003305,1
TX007849,0
TX001950,0
TX006490,0
TX003409,0
TX005892,1
TX004903,0
TX006694,0
TX003929,0
TX006526,0
TX004627,0
TX003909,0
TX001819,0
TX006543,0
TX000702,0
TX005920,0
TX007402,0
TX006814,0
TX006938,0
TX000974,0
TX001061,0
TX004783,0
TX002131,0
TX006422,0
TX004167,0
TX004377,0
TX007662,0
TX006247,0
TX007450,0
TX001582,0
TX006027,0
TX003102,0
TX007680,0
TX006879,0
TX003727,0
TX003662,0
TX007173,0
TX003209,0
TX002008,1
TX006002,0
TX001756,0
TX004918,0
TX007557,0
TX005477,1
TX000115,0
TX002878,0
TX000878,0
TX005170,0
TX000778,0
TX007929,0
TX005239,0
TX001825,0
TX005083,0
TX000938,0
TX002715,0
TX002909,0
TX003794,0
TX003103,0
TX002073,0
TX005952,0
TX004491,0
TX000077,0
TX002026,0
TX006202,1
TX004115,0
TX002060,0
TX000970,0
TX006431,0
TX003586,0
TX003722,0
TX004193,0
TX000733,0
TX001887,0
TX005038,0
TX007690,0
TX001532,0
TX007955,0
TX002100,1
TX004799,0
TX007715,0
TX002935,0
TX002896,0
TX005403,0
TX004619,0
TX002926,0
TX005559,0
TX003177,0
TX005407,0
TX003356,0
TX002493,0
TX002930,0
TX007342,0
TX001829,0
TX005160,0
TX001199,0
TX006504,0
TX006078,0
TX004178,0
TX004959,0
TX002311,0
TX003467,0
TX005874,0
TX006942,0
TX001745,0
TX003140,0
TX000855,1
TX002970,0
TX003575,0
TX001187,0
TX007506,0
TX002768,0
TX007246,0
TX007896,0
TX007923,0
TX000791,0
TX004357,0
TX007603,0
TX002034,0
TX005453,0
TX005337,0
TX001091,0
TX006487,0
TX000194,0
TX007832,0
TX006043,0
TX005089,1
TX000694,0
TX005852,0
TX004681,0
TX001230,0
TX007468,0
TX001474,1
TX005270,0
TX005554,0
TX005653,0
TX003120,0
TX006150,0
TX000370,1
TX002170,0
TX005595,0
TX007914,0
TX004075,0
TX004608,0
TX001835,0
TX004588,0
TX006572,1
TX004750,0
TX000202,0
TX003650,0
TX007936,0
TX007541,0
TX003560,0
TX006865,0
TX004704,0
TX004846,0
TX006595,0
TX005397,0
TX001549,0
TX000766,1
TX005676,0
TX003776,0
TX005469,0
TX002174,0
TX007753,0
TX002954,0
TX001127,0
TX000128,1
TX001810,0
TX004121,0
TX000320,0
TX007978,0
TX004534,0
TX003553,0
TX006560,0
TX000328,0
TX001381,0
TX004462,0
TX005208,1
TX007022,0
TX002712,0
TX004160,0
TX004971,0
TX006374,0
TX007868,0
TX004259,0
TX005104,0
TX003821,1
TX003688,0
TX002551,0
TX005487,0
TX006370,0
TX001794,1
TX004798,0
TX003405,0
TX004814,0
TX000260,0
TX001454,0
TX007181,0
TX000698,0
TX001775,0
TX004812,0
TX001939,0
TX004993,0
TX002629,0
TX005371,0
TX000798,0
TX001937,0
TX000244,0
TX002080,0
TX001812,0
TX005506,0
TX003571,0
TX007516,0
TX003600,0
TX000171,0
TX005908,0
TX007456,0
TX007103,0
TX005451,0
TX007241,0
TX006006,0
TX002513,0
TX001833,0
TX000054,0
TX001824,0
TX002974,0
TX006400,0
TX002052,0
TX006313,0
TX001972,0
TX004437,0
TX007362,0
TX004891,0
TX007286,0
TX001297,0
TX005096,0
TX005616,0
TX004542,0
TX005434,0
TX001845,0
TX007290,0
TX007775,0
TX000274,0
TX001691,1
TX006805,0
TX005781,0
TX007651,0
TX000353,0
TX006545,0
TX003119,0
TX003752,0
TX005494,0
TX007915,0
TX000964,0
TX000389,0
TX004303,0
TX006439,1
TX002348,1
TX006409,0
TX005804,1
TX001590,0
TX000653,0
TX002207,0
TX007461,0
TX002013,0
TX001601,0
TX006085,0
TX002941,0
TX003021,0
TX003453,0
TX000713,0
TX000072,0
TX007288,0
TX006365,0
TX005241,0
TX007590,0
TX005919,0
TX007329,0
TX006917,0
TX005887,0
TX007036,0
TX003292,0
TX004551,1
TX006483,0
TX003723,0
TX002106,0
TX000746,0
TX001659,0
TX005765,0
TX005802,0
TX001049,0
TX007684,0
TX004087,0
TX007834,0
TX000987,0
TX005757,0
TX000978,0
TX001370,0
TX000134,0
TX004358,0
TX003805,0
TX004128,1
TX004165,0
TX001347,0
TX006500,0
TX002272,1
TX006873,0
TX005830,0
TX002912,0
TX000678,0
TX001313,0
TX001496,0
TX000600,1
TX003355,0
TX006486,0
TX001737,0
TX003736,0
TX007994,0
TX002006,0
TX004802,0
TX002947,0
TX002964,0
TX006394,0
TX003897,0
TX002963,0
TX006086,0
TX002261,0
TX001514,0
TX004703,0
TX003798,0
TX000527,0
TX006373,0
TX004914,0
TX005731,0
TX007722,0
TX000444,0
TX002515,0
TX005621,0
TX003526,0
TX005437,0
TX000999,0
TX005077,0
TX000725,0
TX006638,0
TX002755,1
TX006626,0
TX000995,0
TX004411,0
TX003009,0
TX007950,0
TX007038,0
TX006650,0
TX006199,0
TX007425,0
TX007605,0
TX001502,0
TX002291,0
TX002678,0
TX000486,0
TX000110,0
TX001872,0
TX002729,0
TX005502,0
TX002636,0
TX001783,0
TX002621,0
TX002199,0
TX007643,0
TX006633,0
TX004151,0
TX005465,0
TX005216,0
TX005970,0
TX005405,0
TX003566,0
TX003738,0
TX005811,0
TX001620,0
TX003652,0
TX004130,0
TX002050,0
TX000025,0
TX000215,0
TX006642,0
TX007201,0
TX006109,0
TX000434,0
TX002545,0
TX007082,0
TX000547,0
TX003964,0
TX003609,0
TX002370,0
TX006415,0
TX005511,0
TX003719,0
TX007798,0
TX005783,0
TX004236,0
TX007383,0
TX006822,0
TX005948,0
TX003791,0
TX005320,0
TX002939,0
TX005333,0
TX004552,0
TX004776,0
TX002949,0
TX000230,0
TX000568,0
TX005514,0
TX004139,0
TX002176,0
TX004590,0
TX002346,0
TX005400,0
TX000722,0
TX002053,0
TX006310,0
TX001834,0
TX003443,0
TX000357,0
TX002491,0
TX000947,0
TX007628,0
TX007411,0
TX004264,0
TX002602,0
TX004117,0
TX006398,0
TX007157,0
TX003589,0
TX006353,0
TX002430,0
TX006772,0
TX001816,0
TX001055,0
TX002781,0
TX003669,0
TX003541,0
TX004071,0
TX002275,0
TX002799,0
TX000542,0
TX003199,1
TX006654,0
TX002967,0
TX003325,0
TX000574,0
TX004297,0
TX002329,0
TX006742,0
TX004135,0
TX001580,0
TX001353,0
TX000949,0
TX002092,0
TX001661,0
TX006727,0
TX006405,0
TX000347,0
TX003216,0
TX001724,0
TX005446,0
TX006546,0
TX000953,1
TX002971,0
TX007965,0
TX001293,0
TX003899,0
TX002028,0
TX007167,0
TX006555,1
TX007486,0
TX001108,0
TX005640,0
TX000221,0
TX002276,0
TX002952,0
TX000201,0
TX002994,1
TX000840,0
TX004334,0
TX005820,0
TX005059,0
TX006466,0
TX006636,0
TX006388,0
TX005698,1
TX003501,0
TX000752,0
TX005937,0
TX000355,0
TX003590,0
TX007916,0
TX006756,0
TX004782,0
TX003069,0
TX005846,1
TX006226,0
TX000099,0
TX000936,0
TX006613,0
TX006182,0
TX007179,0
TX003092,0
TX002012,0
TX007803,0
TX001571,0
TX007883,0
TX001768,0
TX000034,0
TX000770,0
TX005855,0
TX007024,0
TX003465,0
TX006101,0
TX005155,1
TX001471,0
TX005196,0
TX006746,0
TX002891,0
TX006491,0
TX003151,0
TX002269,0
TX000641,0
TX002193,0
TX001122,0
TX002773,0
TX001419,0
TX004330,1
TX001687,0
TX006153,0
TX001635,0
TX005682,0
TX005882,0
TX004796,0
TX003653,1
TX005581,0
TX006129,0
TX000322,0
TX003749,0
TX004205,0
TX000631,0
TX004742,0
TX007474,0
TX007462,0
TX002126,0
TX005928,0
TX007841,0
TX002627,0
TX006229,0
TX001004,0
TX006151,0
TX003478,0
TX000903,0
TX006424,0
TX007309,0
TX002242,0
TX005303,0
TX004761,1
TX001944,1
TX005009,0
TX006783,0
TX003585,0
TX001717,0
TX000952,0
TX001495,0
TX001781,0
TX007611,0
TX005717,0
TX000787,0
TX003914,1
TX005888,0
TX000825,0
TX001428,0
TX003712,1
TX000351,0
TX005777,0
TX002070,0
TX003607,0
TX002728,0
TX007800,0
TX004471,0
TX007407,0
TX006920,0
TX004430,0
TX005578,0
TX002978,0
TX002828,0
TX005243,0
TX006985,1
TX004594,0
TX001840,0
TX007209,0
TX007792,0
TX005311,0
TX002325,0
TX005062,0
TX005312,0
TX000558,0
TX002365,0
TX000183,0
TX003091,0
TX004192,0
TX001348,0
TX004082,0
TX006116,0
TX007169,0
TX000210,0
TX004188,0
TX002488,0
TX004847,0
TX006260,0
TX004994,0
TX005247,0
TX005946,0
TX002628,0
TX006973,0
TX007981,0
TX004990,0
TX000268,0
TX004690,0
TX003491,0
TX000442,0
TX002916,0
TX000755,0
TX002572,0
TX004843,0
TX003096,0
TX001423,0
TX003236,0
TX007818,0
TX002190,0
TX003419,0
TX006987,0
TX001684,1
TX001842,0
TX001456,0
TX007758,0
TX002873,0
TX000061,0
TX002457,0
TX007430,0
TX000673,0
TX004692,0
TX005281,0
TX002143,0
TX005345,0
TX007795,0
TX001706,0
TX006156,0
TX002817,1
TX002307,0
TX007046,0
TX004578,0
TX002887,0
TX006960,0
TX007280,1
TX000777,0
TX007695,0
TX002494,0
TX002204,0
TX005933,0
TX000901,0
TX003973,0
TX001947,0
TX002585,0
TX004597,0
TX005374,0
TX006838,0
TX000663,0
TX002467,0
TX001936,1
TX004147,0
TX002966,0
TX003822,0
TX005981,0
TX001378,0
TX006581,0
TX001070,0
TX003371,0
TX004999,1
TX007292,0
TX000151,1
TX006594,0
TX006517,0
TX007697,0
TX000216,0
TX003350,0
TX004241,0
TX005703,0
TX004795,0
TX005541,0
TX004868,0
TX000256,0
TX000097,0
TX006281,0
TX001530,0
TX002898,0
TX003710,0
TX006544,0
TX004104,0
TX002765,0
TX004463,0
TX001830,0
TX003098,0
TX000856,0
TX005273,0
TX003253,0
TX000087,0
TX007463,0
TX004406,1
TX007553,0
TX001493,0
TX007554,0
TX004574,0
TX000255,1
TX006140,0
TX003877,0
TX000804,0
TX005016,0
TX000199,0
TX002462,0
TX002055,0
TX000726,0
TX001565,0
TX002890,0
TX002419,1
TX000521,0